benchmark,marker,static_time,symbolic_time,total_time,
/bench/results/res-20240925T135331/CWE-22/559_GHSA-4wch-fwmx-cf47/augustine-0.2.2/index.js,Finished,0.,0.,30.7682,
/bench/results/res-20240925T135331/CWE-22/889_GHSA-cgjv-rghq-qhgp/algo-httpserv-1.1.1/httpserv.js,Timeout,0.,0.,300.003,
/bench/results/res-20240925T135331/CWE-22/425_GHSA-5c6f-jpx7-cwq6/enserver-1.0.0/index.js,Finished,0.,0.,35.1324,
/bench/results/res-20240925T135331/CWE-22/652_GHSA-wm77-q74p-5763/superstatic-5.0.1/lib/providers/fs.js,Finished,0.,0.,42.3003,
/bench/results/res-20240925T135331/CWE-22/965_GHSA-48gc-5j93-5cfq/serve-10.1.1/bin/serve.js,Finished,0.,0.,26.7394,
/bench/results/res-20240925T135331/CWE-22/367_GHSA-vhx6-cp8w-295m/serverliujiayi1-1.1.0/index.js,Finished,0.,0.,34.2631,
/bench/results/res-20240925T135331/CWE-22/458_GHSA-g5m5-v5cp-5p7m/wintiwebdev-1.0.0/src/app.js,Finished,0.,0.,0.0311081,
/bench/results/res-20240925T135331/CWE-22/GHSA-2hw7-mxvj-m455/node-red-dashboard-2.26.1/nodes/ui_base.js,Finished,0.,0.,33.9254,
/bench/results/res-20240925T135331/CWE-22/557_GHSA-m4vv-p6fq-jhqp/here-3.2.1/middleware/file_explorer.js,Finished,0.,0.,0.0313959,
/bench/results/res-20240925T135331/CWE-22/1173_GHSA-4x7w-frcq-v4m3/swagger-injector-3.0.1/frameworks/base.js,Finished,0.,0.,36.0271,
/bench/results/res-20240925T135331/CWE-22/432_GHSA-gf7h-vg5v-cch6/ritp-1.0.5/index.js,Finished,0.,0.,36.3859,
/bench/results/res-20240925T135331/CWE-22/435_GHSA-jwjq-vp53-ph6m/pytservce-1.0.0/src/index.js,Finished,0.,0.,0.024986,
/bench/results/res-20240925T135331/CWE-22/GHSA-hfwx-c7q6-g54c/highcharts-export-server-2.0.30/lib/server.js,Finished,0.,0.,80.0995,
/bench/results/res-20240925T135331/CWE-22/420_GHSA-74f5-4m28-gq5c/peiserver-1.0.0/index.js,Finished,0.,0.,34.4953,
/bench/results/res-20240925T135331/CWE-22/740_GHSA-23xp-j737-282v/takeapeek-0.2.2/dist/index.js,Finished,0.,0.,29.0328,
/bench/results/res-20240925T135331/CWE-22/426_GHSA-ccw5-7vfh-p5hm/dmmcquay.lab6-0.1.1/simple.js,Finished,0.,0.,35.2801,
/bench/results/res-20240925T135331/CWE-22/967_GHSA-45j8-pm75-5v8x/static-resource-server-1.7.2/src/helper/route,Finished,0.,0.,0.0276542,
/bench/results/res-20240925T135331/CWE-22/376_GHSA-9j5m-873f-xh76/static-html-server-0.1.2/static-html-server.js,Finished,0.,0.,36.1574,
/bench/results/res-20240925T135331/CWE-22/799_GHSA-2hhw-p8mg-jrm6/http-live-simulator-1.0.5/bin/http-live,Finished,0.,0.,30.4143,
/bench/results/res-20240925T135331/CWE-22/453_GHSA-jp46-fw6c-3pm9/scott-blanch-weather-app-0.1.2/server.js,Finished,0.,0.,36.9385,
/bench/results/res-20240925T135331/CWE-22/556_GHSA-7x92-2j68-h32c/featurebook-0.0.32/bin/featurebook.js,Finished,0.,0.,29.914,
/bench/results/res-20240925T135331/CWE-22/430_GHSA-6x8c-mvpv-5366/shit-server-1.0.0/index.js,Finished,0.,0.,36.8397,
/bench/results/res-20240925T135331/CWE-22/354_GHSA-q4cq-539c-3mmm/serveryztyzt-1.4.0/node.js,Finished,0.,0.,34.7863,
/bench/results/res-20240925T135331/CWE-22/452_GHSA-hqw4-8893-j4h7/simple-npm-registry-0.0.4/index.js,Finished,0.,0.,47.5459,
/bench/results/res-20240925T135331/CWE-22/451_GHSA-g376-whg7-896m/yjmyjmyjm-1.0.0/index.js,Finished,0.,0.,28.7651,
/bench/results/res-20240925T135331/CWE-22/463_GHSA-ggq8-j54v-54x8/sspa-0.1.0/sspa.js,Timeout,0.,0.,300.004,
/bench/results/res-20240925T135331/CWE-22/560_GHSA-68gr-cmcp-g3mj/lactate-0.13.12/lib/lactate.js,Finished,0.,0.,2.69819,
/bench/results/res-20240925T135331/CWE-22/GHSA-m33v-338h-4v9f/runtime-1.2.7/lib/storage/localfilesystem/projects/Project.js,Finished,0.,0.,3.0477,
/bench/results/res-20240925T135331/CWE-22/371_GHSA-g8wf-rcg3-qw4q/tinyserver2-0.5.2/tinyserver.js,Finished,0.,0.,35.698,
/bench/results/res-20240925T135331/CWE-22/454_GHSA-qh38-wrgf-cj2c/iter-server-1.0.0/http.js,Finished,0.,0.,38.5072,
/bench/results/res-20240925T135331/CWE-22/447_GHSA-jpjp-vxv6-59hm/open-device-4.0.1/lib/server-accessible.js,Finished,0.,0.,39.4314,
/bench/results/res-20240925T135331/CWE-22/GHSA-pmw4-jgxx-pcq9/ftp-srv-2.19.6/src/fs.js,Finished,0.,0.,42.4632,
/bench/results/res-20240925T135331/CWE-22/1008_GHSA-qjfh-xc44-rm9x/file-static-server-1.0.2/lib/file.js,Finished,0.,0.,36.1293,
/bench/results/res-20240925T135331/CWE-22/303_GHSA-xqqr-p362-6rmc/hostr-2.3.5/lib/routes/statics.js,Finished,0.,0.,36.1119,
/bench/results/res-20240925T135331/CWE-22/448_GHSA-25jw-gcfj-283j/360class.jansenhm-0.1.1/fileServer.js,Finished,0.,0.,34.1865,
/bench/results/res-20240925T135331/CWE-22/448_GHSA-25jw-gcfj-283j/360class.jansenhm-0.1.1/weatherServer.js,Finished,0.,0.,34.9202,
/bench/results/res-20240925T135331/CWE-22/391_GHSA-jpg7-6c9f-7q54/datachannel-client-1.0.2/server.js,Finished,0.,0.,34.0951,
/bench/results/res-20240925T135331/CWE-22/411_GHSA-6qh5-wx38-q92g/ltt.js-1.0.0/index.js,Finished,0.,0.,34.2152,
/bench/results/res-20240925T135331/CWE-22/554_GHSA-g8m7-qhv7-9h5x/serve-here-3.2.0/middleware/file-explorer.js,Finished,0.,0.,1.8717,
/bench/results/res-20240925T135331/CWE-22/468_GHSA-h372-w3xp-2jg3/section2.madisonjbrooks12-0.1.1/static.js,Finished,0.,0.,34.3982,
/bench/results/res-20240925T135331/CWE-22/561_GHSA-q2qh-cgc2-qhr3/serve-6.4.8/lib/server.js,Finished,0.,0.,31.0594,
/bench/results/res-20240925T135331/CWE-22/471_GHSA-v464-rcx7-j875/infraserver-0.0.1/infra.data.js,Finished,0.,0.,0.0305688,
/bench/results/res-20240925T135331/CWE-22/423_GHSA-frcq-4ffq-v4mw/lessindex-1.0.0/index.js,Finished,0.,0.,34.5979,
/bench/results/res-20240925T135331/CWE-22/380_GHSA-qpwf-4fx5-crqq/earlybird-0.1.7/tools.js,Finished,0.,0.,27.6425,
/bench/results/res-20240925T135331/CWE-22/395_GHSA-x2jj-x3q2-7hph/11xiaoli-1.1.0/dome.js,Finished,0.,0.,34.7543,
/bench/results/res-20240925T135331/CWE-22/676_GHSA-8h8v-6qqm-fwpq/express-cart-1.1.5/src/routes/admin.js,Finished,0.,0.,0.028883,
/bench/results/res-20240925T135331/CWE-22/438_GHSA-4vcm-qfxh-p6c3/getcityapi.yoehoehne-0.0.1/src/static.js,Finished,0.,0.,0.029717,
/bench/results/res-20240925T135331/CWE-22/373_GHSA-8h55-49jm-739x/easyquick-0.1.1/tools.js,Finished,0.,0.,27.6079,
/bench/results/res-20240925T135331/CWE-22/462_GHSA-8w74-g84v-c5w8/chatbyvista-0.1.0/server.js,Finished,0.,0.,38.1421,
/bench/results/res-20240925T135331/CWE-22/GHSA-4j46-mp85-mv8c/rollup-plugin-serve-1.0.1/dist/index.es.js,Finished,0.,0.,31.2208,
/bench/results/res-20240925T135331/CWE-22/431_GHSA-pxq7-4ppw-qp7f/serverzyy-1.0.0/index.js,Finished,0.,0.,34.342,
/bench/results/res-20240925T135331/CWE-22/342_GHSA-cch6-5x4h-6qc5/tiny-http-2.0.8/dist/http.js,Finished,0.,0.,44.0624,
/bench/results/res-20240925T135331/CWE-22/422_GHSA-5jg5-w395-9684/ltt-1.1.0/src/index.js,Finished,0.,0.,0.030252,
/bench/results/res-20240925T135331/CWE-22/424_GHSA-79p8-4cwq-rhqh/jn_jj_server-0.0.8/index.js,Finished,0.,0.,37.2717,
/bench/results/res-20240925T135331/CWE-22/89_GHSA-xg5r-8j97-2wrj/restafary-1.6.0/lib/restafary.js,Finished,0.,0.,36.9715,
/bench/results/res-20240925T135331/CWE-22/444_GHSA-xqfm-ff6g-24c7/dgard8.lab6-0.0.1/src/static.js,Finished,0.,0.,0.03089,
/bench/results/res-20240925T135331/CWE-22/346_GHSA-g7j3-p357-cw8p/f2e-server-1.12.11/nodeLib/index.js,Finished,0.,0.,2.81036,
/bench/results/res-20240925T135331/CWE-22/378_GHSA-j9wj-26p5-fj2v/gaoxuyan-1.1.0/index.js,Finished,0.,0.,33.9679,
/bench/results/res-20240925T135331/CWE-22/466_GHSA-m874-69ww-w7jq/whispercast-0.1.0/whispercast.js,Finished,0.,0.,35.8423,
/bench/results/res-20240925T135331/CWE-22/470_GHSA-j5mg-fpq8-vvxv/commentapp.stetsonwood-0.0.1/server.js,Finished,0.,0.,36.0557,
/bench/results/res-20240925T135331/CWE-22/465_GHSA-5x5w-v4xq-p64r/ewgaddis.lab6-0.1.1/simple.js,Finished,0.,0.,34.2861,
/bench/results/res-20240925T135331/CWE-22/1037_GHSA-gvff-25cc-4f66/restify-swagger-jsdoc-3.2.0/js/index.js,Finished,0.,0.,44.4816,
/bench/results/res-20240925T135331/CWE-22/407_GHSA-wqr3-24xm-fxhq/wffserve-1.0.0/index.js,Finished,0.,0.,34.3946,
/bench/results/res-20240925T135331/CWE-22/389_GHSA-f2rc-6xjq-95gq/shenliru-1.2.0/index.js,Finished,0.,0.,34.0881,
/bench/results/res-20240925T135331/CWE-22/305_GHSA-2r7f-4h2c-5x73/fury-adapter-swagger-0.9.6/lib/parser.js,Finished,0.,0.,37.3513,
/bench/results/res-20240925T135331/CWE-22/460_GHSA-8xj3-7258-w4q2/dasafio-1.2.0/desafio.js,Finished,0.,0.,34.7583,
/bench/results/res-20240925T135331/CWE-22/464_GHSA-f8rj-4v7g-p5rj/jansenstuffpleasework-0.1.1/fileServer.js,Finished,0.,0.,34.4504,
/bench/results/res-20240925T135331/CWE-22/95_GHSA-6cpc-mj5c-m9rq/cli-0.11.3/cli.js,Finished,0.,0.,47.5,
/bench/results/res-20240925T135331/CWE-22/1025_GHSA-crf7-fvjx-863q/zero-1.0.4/lib/router/index.js,Finished,0.,0.,31.8381,
/bench/results/res-20240925T135331/CWE-22/641_GHSA-3r8f-gphx-9m2c/mcstatic-0.0.20/lib/staticFileHandler.js,Finished,0.,0.,41.1103,
/bench/results/res-20240925T135331/CWE-22/36_GHSA-69rr-wvh9-6c4q/st-0.2.3/st.js,Finished,0.,0.,39.116,
/bench/results/res-20240925T135331/CWE-22/370_GHSA-vxwf-pprx-wc25/citypredict.whauwiller-0.1.1/weather_server.js,Finished,0.,0.,35.9297,
/bench/results/res-20240925T135331/CWE-22/478_GHSA-pq5x-rprq-8jrj/exxxxxxxxxxx-1.0.2/lib/loop.js,Finished,0.,0.,29.5896,
/bench/results/res-20240925T135331/CWE-22/440_GHSA-m69q-pmxg-vqch/cypserver-1.0.0/index.js,Finished,0.,0.,35.4378,
/bench/results/res-20240925T135331/CWE-22/372_GHSA-whcm-29f4-j4mx/zwserver-0.1.1/src/server.js,Finished,0.,0.,0.036593,
/bench/results/res-20240925T135331/CWE-22/352_GHSA-5w8q-x7hc-jhp6/node-simple-router-0.10.0/lib/router.js,Finished,0.,0.,53.8319,
/bench/results/res-20240925T135331/CWE-22/399_GHSA-hhff-3c89-5m7p/byucslabsix-0.0.5/server.js,Finished,0.,0.,33.1985,
/bench/results/res-20240925T135331/CWE-22/413_GHSA-xj6q-9hx8-mm7f/liuyaserver-1.0.0/node.js,Finished,0.,0.,35.1825,
/bench/results/res-20240925T135331/CWE-22/455_GHSA-wh33-4p32-g7vh/serverxxx-1.0.0/src/index.js,Finished,0.,0.,0.0315428,
/bench/results/res-20240925T135331/CWE-22/343_GHSA-3cgg-gh9j-w8vm/iter-http-1.0.13/bin/iter-http.js,Finished,0.,0.,0.0352011,
/bench/results/res-20240925T135331/CWE-22/477_GHSA-3vg2-4qxc-ch4j/unicorn-list-1.0.3/app/server.js,Finished,0.,0.,34.0666,
/bench/results/res-20240925T135331/CWE-22/383_GHSA-9frq-f867-hgqc/fast-http-cli-0.0.8/fast-http.js,Finished,0.,0.,29.8796,
/bench/results/res-20240925T135331/CWE-22/388_GHSA-8fv7-vm2p-5495/welcomyzt-1.1.0/node.js,Finished,0.,0.,35.4553,
/bench/results/res-20240925T135331/CWE-22/428_GHSA-m362-87jc-f39v/uv-tj-demo-1.0.0/server.js,Finished,0.,0.,36.6431,
/bench/results/res-20240925T135331/CWE-22/443_GHSA-f7jg-mcvw-9gwv/reecerver-0.1.2/server.js,Finished,0.,0.,35.4238,
/bench/results/res-20240925T135331/CWE-22/433_GHSA-78h7-fgq9-625x/quickserver-1.1.0/lib/quickserver.js,Finished,0.,0.,29.9051,
/bench/results/res-20240925T135331/CWE-22/418_GHSA-rr77-w4w8-w8wp/tencent-server-0.0.2/tencent-server.js,Finished,0.,0.,35.5847,
/bench/results/res-20240925T135331/CWE-22/385_GHSA-vcqg-cmv3-wj57/rtcmulticonnection-client-1.0.5/server.js,Finished,0.,0.,35.3083,
/bench/results/res-20240925T135331/CWE-22/419_GHSA-m8pw-hgvj-cwcm/sgqserve-1.0.0/index.js,Finished,0.,0.,34.8989,
/bench/results/res-20240925T135331/CWE-22/150_GHSA-f5mh-hq6h-whxv/bitty-0.2.10/index.js,Finished,0.,0.,38.2579,
/bench/results/res-20240925T135331/CWE-22/390_GHSA-rrfc-g2gh-xvjm/22lixian-1.0.0/demo.js,Finished,0.,0.,34.7512,
/bench/results/res-20240925T135331/CWE-22/456_GHSA-qw9c-8p76-3q2x/serve46-1.0.0/index.js,Finished,0.,0.,35.1626,
/bench/results/res-20240925T135331/CWE-22/GHSA-v3px-6cc8-f8j3/servey-2.2.0/lib/server/index.js,Finished,0.,0.,1.9564,
/bench/results/res-20240925T135331/CWE-22/412_GHSA-4vfj-c2xf-8r48/looppake-3.0.0/index.js,Finished,0.,0.,34.055,
/bench/results/res-20240925T135331/CWE-22/476_GHSA-cpp2-q66x-fq44/jikes-0.0.1/app.js,Finished,0.,0.,40.3019,
/bench/results/res-20240925T135331/CWE-22/1092_GHSA-vx5w-cxch-wwc9/f-serv-0.2.0/lib/f-serv.js,Finished,0.,0.,29.996,
/bench/results/res-20240925T135331/CWE-22/386_GHSA-pr8j-3v7m-j4vv/myprolyz-1.1.0/src/index.js,Finished,0.,0.,0.0313079,
/bench/results/res-20240925T135331/CWE-22/384_GHSA-76p6-gpvf-6wmv/hftp-0.0.6/lib/static_server.js,Finished,0.,0.,36.7854,
/bench/results/res-20240925T135331/CWE-22/475_GHSA-7vq3-wcjw-3fxh/lab6.brit95-0.1.1/static.js,Finished,0.,0.,34.4997,
/bench/results/res-20240925T135331/CWE-22/394_GHSA-2958-5r4r-wvv6/caolilinode-1.0.0/caolili.js,Finished,0.,0.,34.3317,
/bench/results/res-20240925T135331/CWE-22/350_GHSA-94x5-94wf-m445/gomeplus-h5-proxy-1.0.15/command.js,Finished,0.,0.,27.0396,
/bench/results/res-20240925T135331/CWE-22/1438_GHSA-v45m-2wcp-gg98/bin-links-1.1.5/index.js,Finished,0.,0.,31.1655,
/bench/results/res-20240925T135331/CWE-22/397_GHSA-f499-jv47-9wxf/desafio-1.1.0/desafio.js,Finished,0.,0.,35.1563,
/bench/results/res-20240925T135331/CWE-22/364_GHSA-2f29-pmpx-vj62/serverwg-1.0.0/index.js,Finished,0.,0.,34.5071,
/bench/results/res-20240925T135331/CWE-22/421_GHSA-p2r2-h92r-w2mg/mfrserver-1.0.0/index.js,Finished,0.,0.,34.8135,
/bench/results/res-20240925T135331/CWE-22/805_GHSA-74cp-qw7f-7hpw/statics-server-0.0.9/index.js,Finished,0.,0.,34.5684,
/bench/results/res-20240925T135331/CWE-22/GHSA-8pww-pp5r-rff8/marscode-1.0.1-0/index.js,Finished,0.,0.,35.2023,
/bench/results/res-20240925T135331/CWE-22/1143_GHSA-2j5x-56p6-hj6x/statichttpserver-0.9.7/lib/middleware/directory.js,Finished,0.,0.,29.3949,
/bench/results/res-20240925T135331/CWE-22/459_GHSA-pr49-5hhf-6mm6/serverabc-1.0.0/index.js,Finished,0.,0.,34.5398,
/bench/results/res-20240925T135331/CWE-22/396_GHSA-hpw4-m59j-9p52/dylmomo-1.0.0/index.js,Finished,0.,0.,34.3307,
/bench/results/res-20240925T135331/CWE-22/349_GHSA-xq98-5rcf-5wqh/badjs-sourcemap-server-0.1.11/index.js,Finished,0.,0.,27.3984,
/bench/results/res-20240925T135331/CWE-22/1144_GHSA-4vvp-x9h2-x2vf/public-0.1.5/bin/public,Finished,0.,0.,26.525,
/bench/results/res-20240925T135331/CWE-22/445_GHSA-vgjp-vh3c-32v3/mockserve-2.0.6/mock.js,Finished,0.,0.,0.030849,
/bench/results/res-20240925T135331/CWE-22/25_GHSA-44g9-w23c-5rw7/nhouston-2.0.2/lib/server.js,Finished,0.,0.,47.5672,
/bench/results/res-20240925T135331/CWE-22/414_GHSA-mwj7-r5vc-hmc9/hcbserver-1.0.0/index.js,Finished,0.,0.,34.2678,
/bench/results/res-20240925T135331/CWE-22/1335_GHSA-qccf-q7p4-3q3j/safe-object2-1.0.3/index.js,Finished,0.,0.,29.2,
/bench/results/res-20240925T135331/CWE-22/339_GHSA-cqv6-7fwc-8m3c/xtalk-0.0.7/index.js,Finished,0.,0.,54.6845,
/bench/results/res-20240925T135331/CWE-22/437_GHSA-jjgw-jf33-7fg9/mfrs-1.0.0/index.js,Finished,0.,0.,34.943,
/bench/results/res-20240925T135331/CWE-22/1519_GHSA-9h4g-27m8-qjrg/socket.io-file-2.0.31/index.js,Finished,0.,0.,30.9187,
/bench/results/res-20240925T135331/CWE-22/434_GHSA-cxwc-8pqp-2whw/qinserve-1.0.0/index.js,Finished,0.,0.,34.9019,
/bench/results/res-20240925T135331/CWE-22/GHSA-xr8h-53xr-jhcm/marked-tree-0.8.1/index.js,Finished,0.,0.,36.7012,
/bench/results/res-20240925T135331/CWE-22/400_GHSA-c3h5-qchh-46hh/yyooopack-3.0.0/src/node.js,Finished,0.,0.,0.0306451,
/bench/results/res-20240925T135331/CWE-22/1077_GHSA-2mp5-m968-gwr2/v0.2.6.tar/http-file-server.js,Finished,0.,0.,0.0290511,
/bench/results/res-20240925T135331/CWE-22/473_GHSA-pwqj-h62h-q35c/goserv-1.0.0/lib/goserv.js,Finished,0.,0.,37.7521,
/bench/results/res-20240925T135331/CWE-22/377_GHSA-qhf6-vqq9-q2p7/gaoxiaotingtingting-1.1.0/index.js,Finished,0.,0.,34.8098,
/bench/results/res-20240925T135331/CWE-22/381_GHSA-w3cg-6577-wx9f/cuciuci-1.1.0/index.js,Finished,0.,0.,35.4277,
/bench/results/res-20240925T135331/CWE-22/375_GHSA-j6w4-pg6p-5mrv/tmock-0.0.7/app.js,Finished,0.,0.,37.8382,
/bench/results/res-20240925T135331/CWE-22/439_GHSA-8vmc-g99q-xj94/dcdcdcdcdc-1.0.0/node.js,Finished,0.,0.,35.7114,
/bench/results/res-20240925T135331/CWE-22/450_GHSA-pm44-7gw9-6g8p/uekw1511server-1.0.1/index.js,Finished,0.,0.,35.0817,
/bench/results/res-20240925T135331/CWE-22/374_GHSA-xpqw-fqpw-35fc/wangguojing123-1.3.0/index.js,Finished,0.,0.,34.669,
/bench/results/res-20240925T135331/CWE-22/461_GHSA-23wc-v4mf-x7v4/intsol-package-1.0.0/index.js,Finished,0.,0.,35.6546,
/bench/results/res-20240925T135331/CWE-22/802_GHSA-rv49-54qp-fw42/servey-2.2.0/lib/server/index.js,Finished,0.,0.,1.94198,
/bench/results/res-20240925T135331/CWE-22/347_GHSA-6w83-22gj-5pv9/cyber-js-1.0.7/app.js,Finished,0.,0.,35.9774,
/bench/results/res-20240925T135331/CWE-22/14_GHSA-g4xp-36c3-f7mr/inert-1.1.0/lib/directory.js,Finished,0.,0.,33.4975,
/bench/results/res-20240925T135331/CWE-22/32_GHSA-xwg4-93c6-3h42/send-0.8.3/lib/send.js,Finished,0.,0.,38.3715,
/bench/results/res-20240925T135331/CWE-22/1003_GHSA-vfp9-gwrh-wq9g/crud-file-server-0.8.0/crud-file-server.js,Finished,0.,0.,81.0113,
/bench/results/res-20240925T135331/CWE-22/665_GHSA-fm87-46vv-jqrr/html-pages-2.0.9/lib/server.js,Finished,0.,0.,30.4297,
/bench/results/res-20240925T135331/CWE-22/382_GHSA-j38m-7q52-fgfh/node-server-forfront-0.10.7/node-server.js,Finished,0.,0.,1.91083,
/bench/results/res-20240925T135331/CWE-22/398_GHSA-756f-6j3f-48q9/calmquist.static-server-0.1.1/static-server.js,Finished,0.,0.,34.0924,
/bench/results/res-20240925T135331/CWE-22/427_GHSA-xgf5-5gjr-4hjq/zjjserver-1.0.0/index.js,Finished,0.,0.,35.1733,
/bench/results/res-20240925T135331/CWE-22/393_GHSA-fg6m-q92x-vv38/dcserver-1.0.0/index.js,Finished,0.,0.,34.6911,
/bench/results/res-20240925T135331/CWE-22/469_GHSA-rgq8-25qc-h54q/myserver.alexcthomas18-0.0.1/static.js,Finished,0.,0.,35.3136,
/bench/results/res-20240925T135331/CWE-22/345_GHSA-c3hr-wwh3-qm54/fsk-server-0.2.1/index.js,Finished,0.,0.,35.9003,
/bench/results/res-20240925T135331/CWE-22/777_GHSA-73v8-v6g4-vrpm/decompress-zip-0.3.1/lib/extractor.js,Finished,0.,0.,0.0296741,
/bench/results/res-20240925T135331/CWE-22/GHSA-frpw-jrwx-hcfv/node-red-contrib-huemagic-3.0.0/huemagic/hue-magic.js,Finished,0.,0.,40.9658,
/bench/results/res-20240925T135331/CWE-22/355_GHSA-gqfv-g9f6-3v3m/serveryaozeyan-1.0.4/index.js,Finished,0.,0.,34.6551,
/bench/results/res-20240925T135331/CWE-22/990_GHSA-m8cr-q935-8j67/buttle-0.3.1/lib/mid-buttle.js,Finished,0.,0.,40.4089,
/bench/results/res-20240925T135331/CWE-22/344_GHSA-23vf-5g53-hm9q/87de3f13465e9d4d21eb75be8143cdc4085a19b3/server.js,Finished,0.,0.,0.0243831,
/bench/results/res-20240925T135331/CWE-22/363_GHSA-g87g-4x3w-f8jp/serverwzl-1.3.1/src/index.js,Finished,0.,0.,0.023458,
/bench/results/res-20240925T135331/CWE-78/GHSA-wj6h-7chw-x4h2/get-git-data-1.3.1/index.js,Finished,0.,0.,162.747,
/bench/results/res-20240925T135331/CWE-78/998_GHSA-g8vp-6hv4-m67c/entitlements-1.2.0/index.js,Finished,0.,0.,33.201,
/bench/results/res-20240925T135331/CWE-78/GHSA-753c-phhg-cj29/madge-4.0.0/lib/graph.js,Finished,0.,0.,49.6752,
/bench/results/res-20240925T135331/CWE-78/1499_GHSA-8whr-v3gm-w8h9/node-rules-4.0.2/lib/node-rules.js,Finished,0.,0.,55.3725,
/bench/results/res-20240925T135331/CWE-78/GHSA-x67x-98x7-wv26/gulp-tape-1.0.0/index.js,Finished,0.,0.,39.0281,
/bench/results/res-20240925T135331/CWE-78/1492_GHSA-9px9-f7jw-fwhj/priest-runner-0.3.12/src/middleware.js,Finished,0.,0.,33.3469,
/bench/results/res-20240925T135331/CWE-78/1432_GHSA-884p-74jh-xrg2/tree-kill-1.2.1/index.js,Finished,0.,0.,45.8735,
/bench/results/res-20240925T135331/CWE-78/GHSA-qm28-7hqv-wg5j/ng-packagr-10.1.0/lib/styles/stylesheet-processor.js,Finished,0.,0.,1.91978,
/bench/results/res-20240925T135331/CWE-78/GHSA-45w5-pvr8-4rh5/eslint-fixer-0.1.5/index.js,Finished,0.,0.,39.3813,
/bench/results/res-20240925T135331/CWE-78/GHSA-mm4f-47ch-f7hx/kill-by-port-0.0.1/index.js,Finished,0.,0.,33.9762,
/bench/results/res-20240925T135331/CWE-78/1174_GHSA-549f-73hh-mj38/gitlabhook-0.0.17/gitlabhook.js,Finished,0.,0.,58.1458,
/bench/results/res-20240925T135331/CWE-78/1067_GHSA-2m96-9w4j-wgv7/lodash.merge-4.6.0/index.js,Finished,0.,0.,38.5815,
/bench/results/res-20240925T135331/CWE-78/694_GHSA-c9j3-wqph-5xx9/egg-scripts-2.8.0/lib/cmd/start.js,Finished,0.,0.,61.5556,
/bench/results/res-20240925T135331/CWE-78/659_GHSA-cff4-rrq6-h78w/command-exists-1.2.3/lib/command-exists.js,Finished,0.,0.,119.294,
/bench/results/res-20240925T135331/CWE-78/1480_GHSA-g9cg-h3jm-cwrc/subtext-7.0.2/lib/index.js,Finished,0.,0.,31.5076,
/bench/results/res-20240925T135331/CWE-78/GHSA-g4hj-r7r3-9rwv/gulp-scss-lint-1.0.0/src/command.js,Finished,0.,0.,44.2529,
/bench/results/res-20240925T135331/CWE-78/670_GHSA-5gwh-g79j-vh4q/pdf-image-1.0.5/index.js,Finished,0.,0.,39.4294,
/bench/results/res-20240925T135331/CWE-78/GHSA-4gfq-6m28-m5mg/freediskspace-0.1.2/freediskspace.js,Finished,0.,0.,39.3159,
/bench/results/res-20240925T135331/CWE-78/663_GHSA-28xh-wpgr-7fm8/open-0.0.5/lib/open.js,Finished,0.,0.,154.935,
/bench/results/res-20240925T135331/CWE-78/1507_GHSA-426h-24vj-qwxf/npm-programmatic-0.0.12/index.js,Finished,0.,0.,46.1188,
/bench/results/res-20240925T135331/CWE-78/GHSA-q6pj-jh94-5fpr/docker-compose-remote-api-0.1.4/index.js,Finished,0.,0.,46.7286,
/bench/results/res-20240925T135331/CWE-78/728_GHSA-cfhg-9x44-78h2/ps-0.0.2/lib/index.js,Finished,0.,0.,34.6786,
/bench/results/res-20240925T135331/CWE-78/GHSA-8mrf-64fw-2x75/fs-path-0.0.24/lib/index.js,Finished,0.,0.,176.258,
/bench/results/res-20240925T135331/CWE-78/1446_GHSA-7r9x-hr76-jr96/giting-0.0.8/lib/git.js,Finished,0.,0.,51.4512,
/bench/results/res-20240925T135331/CWE-78/GHSA-r9vm-rhmf-7hxx/im-resize-2.3.2/index.js,Finished,0.,0.,36.282,
/bench/results/res-20240925T135331/CWE-78/GHSA-fg5w-w99f-rj6w/opened-1.5.1/index.js,Finished,0.,0.,31.9896,
/bench/results/res-20240925T135331/CWE-78/GHSA-vh8f-xw5v-8993/macfromip-1.1.1/macfromip.js,Finished,0.,0.,30.4638,
/bench/results/res-20240925T135331/CWE-78/GHSA-jff2-qjw8-5476/systeminformation-4.34.23/lib/processes.js,Timeout,0.,0.,300.003,
/bench/results/res-20240925T135331/CWE-78/GHSA-jff2-qjw8-5476/systeminformation-4.34.23/lib/util.js,Timeout,0.,0.,300.002,
/bench/results/res-20240925T135331/CWE-78/GHSA-4j54-mxf6-wxx2/pomelo-monitor-0.3.7/lib/processMonitor.js,Finished,0.,0.,1.78968,
/bench/results/res-20240925T135331/CWE-78/GHSA-rj44-gpjc-29r7/egf-0.3.21/tags.js,Finished,0.,0.,29.3171,
/bench/results/res-20240925T135331/CWE-78/GHSA-r3j7-x2g5-9gx6/samba-client-3.4.0/index.js,Finished,0.,0.,46.3704,
/bench/results/res-20240925T135331/CWE-78/1431_GHSA-wp7m-mrvf-599c/node-df-0.1.4/lib/index.js,Finished,0.,0.,35.6184,
/bench/results/res-20240925T135331/CWE-78/GHSA-2548-q746-x5x6/port-killer-1.0.1/index.js,Finished,0.,0.,39.045,
/bench/results/res-20240925T135331/CWE-78/117_GHSA-qg8p-v9q4-gh34/shell-quote-1.6.0/index.js,Finished,0.,0.,31.1496,
/bench/results/res-20240925T135331/CWE-78/1440_GHSA-cfwc-xjfp-44jg/gnuplot-0.3.1/gnuplot.js,Finished,0.,0.,30.0361,
/bench/results/res-20240925T135331/CWE-78/GHSA-4228-7qvx-f4rq/devcert-1.1.1/dist/utils.js,Finished,0.,0.,30.5345,
/bench/results/res-20240925T135331/CWE-78/797_GHSA-wqhw-frpx-5mmp/tomato-0.0.7/lib/api/index.js,Finished,0.,0.,2.27687,
/bench/results/res-20240925T135331/CWE-78/GHSA-7vm7-j8p7-h346/blamer-0.1.13/src/vcs/svn.js,Finished,0.,0.,39.9739,
/bench/results/res-20240925T135331/CWE-78/GHSA-7vm7-j8p7-h346/blamer-0.1.13/src/vcs/git.js,Finished,0.,0.,33.417,
/bench/results/res-20240925T135331/CWE-78/GHSA-g4xj-wcq6-qwx5/mock2easy-0.0.24/server/getJsonByCurl.js,Timeout,0.,0.,300.003,
/bench/results/res-20240925T135331/CWE-78/1457_GHSA-qcff-ffx3-m25c/meta-git-1.1.3/bin/meta-git-clone,Finished,0.,0.,29.1155,
/bench/results/res-20240925T135331/CWE-78/954_GHSA-4q8f-5xxj-946r/addax-1.0.6/server.js,Finished,0.,0.,35.9668,
/bench/results/res-20240925T135331/CWE-78/1433_GHSA-533p-g2hq-qr26/treekill-1.0.0/index.js,Finished,0.,0.,41.2021,
/bench/results/res-20240925T135331/CWE-78/GHSA-whq6-mj2r-mjqc/lsof-0.0.4/lib/lsof.js,Finished,0.,0.,29.9074,
/bench/results/res-20240925T135331/CWE-78/GHSA-2m8v-572m-ff2v/systeminformation-4.34.23/lib/processes.js,Timeout,0.,0.,300.004,
/bench/results/res-20240925T135331/CWE-78/GHSA-2m8v-572m-ff2v/systeminformation-4.34.23/lib/util.js,Timeout,0.,0.,300.003,
/bench/results/res-20240925T135331/CWE-78/668_GHSA-m7qm-r2r5-f77q/react-marked-markdown-1.4.6/dist/components/MarkdownPreview.js,Finished,0.,0.,30.8081,
/bench/results/res-20240925T135331/CWE-78/1465_GHSA-rjvj-673q-4hfw/traceroute-1.0.0/traceroute.js,Finished,0.,0.,36.0217,
/bench/results/res-20240925T135331/CWE-78/960_GHSA-j6v9-xgvh-f796/wxchangba-1.0.3/src/server/wx.js,Finished,0.,0.,39.6835,
/bench/results/res-20240925T135331/CWE-78/953_GHSA-mxmj-84q8-34r7/expressfs-0.2.10/expressfs.server.js,Finished,0.,0.,54.9231,
/bench/results/res-20240925T135331/CWE-78/GHSA-6m8p-4fxj-pgc2/mversion-1.13.0/lib/git.js,Finished,0.,0.,37.5955,
/bench/results/res-20240925T135331/CWE-78/604_GHSA-wjr4-2jgw-hmv8/whereis-0.4.0/index.js,Finished,0.,0.,42.9234,
/bench/results/res-20240925T135331/CWE-78/GHSA-ph32-23p8-9rw5/network-manager-1.0.2/common.js,Finished,0.,0.,34.1944,
/bench/results/res-20240925T135331/CWE-78/GHSA-f8fh-8rgm-227h/node-prompt-here-1.0.1/index.js,Finished,0.,0.,36.295,
/bench/results/res-20240925T135331/CWE-78/GHSA-4449-hg37-77v8/total.js-3.4.6/image.js,Timeout,0.,0.,300.003,
/bench/results/res-20240925T135331/CWE-78/GHSA-487w-pqcm-63hq/buns-1.1.6/lib/index.js,Finished,0.,0.,48.3797,
/bench/results/res-20240925T135331/CWE-78/GHSA-7h8x-wmq2-7mff/launchpad-0.7.5/lib/local/instance.js,Finished,0.,0.,37.0546,
/bench/results/res-20240925T135331/CWE-78/GHSA-xmxh-g7wj-8m4m/curling-1.0.0/lib/curl-transport.js,Finished,0.,0.,34.7802,
/bench/results/res-20240925T135331/CWE-78/GHSA-333x-qr3v-g4xx/spritesheet-js-1.2.6/lib/generator.js,Finished,0.,0.,87.9665,
/bench/results/res-20240925T135331/CWE-78/GHSA-49q3-8867-5wmp/reg-keygen-git-hash-plugin-0.10.15/lib/git-cmd-client.js,Finished,0.,0.,35.9348,
/bench/results/res-20240925T135331/CWE-78/GHSA-8px5-63x9-5c7p/pullit-1.3.0/src/index.js,Finished,0.,0.,39.2463,
/bench/results/res-20240925T135331/CWE-78/GHSA-4rv9-5vc4-88cg/node-ps-0.0.2/lib/index.js,Finished,0.,0.,36.0391,
/bench/results/res-20240925T135331/CWE-78/719_GHSA-7g2w-6r25-2j7p/libnmap-0.4.15/lib/classes/tools.js,Finished,0.,0.,37.6556,
/bench/results/res-20240925T135331/CWE-78/317_GHSA-mxjr-xmcg-fg7w/mobile-icon-resizer-0.4.2/lib/resize.js,Finished,0.,0.,40.3663,
/bench/results/res-20240925T135331/CWE-78/667_GHSA-gm29-35c7-8cfw/buttle-0.3.1/lib/mid-php.js,Finished,0.,0.,41.4122,
/bench/results/res-20240925T135331/CWE-78/GHSA-h33p-5j96-w8qh/gulp-styledocco-0.0.3/index.js,Finished,0.,0.,22.9144,
/bench/results/res-20240925T135331/CWE-78/966_GHSA-pmv6-gf98-p3r5/kill-port-1.3.1/index.js,Timeout,0.,0.,300.003,
/bench/results/res-20240925T135331/CWE-78/GHSA-vm67-7vmg-66vm/portprocesses-1.0.4/exec.js,Finished,0.,0.,37.2871,
/bench/results/res-20240925T135331/CWE-78/GHSA-qfxv-qqvg-24pg/im-metadata-3.0.1/index.js,Finished,0.,0.,35.0547,
/bench/results/res-20240925T135331/CWE-78/1512_GHSA-6q48-vjq2-mwcj/umount-1.1.6/build/umount.js,Finished,0.,0.,34.3124,
/bench/results/res-20240925T135331/CWE-78/773_GHSA-9wjh-jr2j-6r4x/pi_video_recording-1.0.1/pi_video_recording.js,Finished,0.,0.,40.0191,
/bench/results/res-20240925T135331/CWE-78/789_GHSA-f698-m2v9-5fh3/opencv-6.0.0/utils/find-opencv.js,Finished,0.,0.,35.5966,
/bench/results/res-20240925T135331/CWE-78/GHSA-m647-5wf9-3jp3/closure-compiler-stream-0.1.15/index.js,Finished,0.,0.,30.8894,
/bench/results/res-20240925T135331/CWE-78/727_GHSA-9hqj-38j2-5jgm/ascii-art-1.4.2/bin/ascii-art,Finished,0.,0.,30.5892,
/bench/results/res-20240925T135331/CWE-78/977_GHSA-wgw3-gf4p-62xc/wizard-syncronizer-0.0.1/bin/wizard-sync.js,Finished,0.,0.,41.3294,
/bench/results/res-20240925T135331/CWE-78/GHSA-m6rw-m2v9-7hx4/wifiscanner-1.0.1/scanners/wifiscanner.js,Finished,0.,0.,23.2447,
/bench/results/res-20240925T135331/CWE-78/40_GHSA-vjfr-p6hp-jqqw/ungit-0.8.4/source/git.js,Timeout,0.,0.,300.003,
/bench/results/res-20240925T135331/CWE-78/GHSA-6c3f-p5wp-34mh/async-git-1.13.0/lib/reset/index.js,Finished,0.,0.,29.3886,
/bench/results/res-20240925T135331/CWE-78/695_GHSA-29gp-92wp-94q8/react-dev-utils-5.0.1/openBrowser.js,Finished,0.,0.,40.9334,
/bench/results/res-20240925T135331/CWE-78/654_GHSA-pp57-mqmh-44h7/macaddress-0.2.8/lib/unix.js,Finished,0.,0.,32.0673,
/bench/results/res-20240925T135331/CWE-78/654_GHSA-pp57-mqmh-44h7/macaddress-0.2.8/lib/linux.js,Finished,0.,0.,32.3312,
/bench/results/res-20240925T135331/CWE-78/654_GHSA-pp57-mqmh-44h7/macaddress-0.2.8/lib/macosx.js,Finished,0.,0.,32.7566,
/bench/results/res-20240925T135331/CWE-78/GHSA-pxcc-hj8w-fmm7/sdk-2.19.0/dist/getPackedPackage.js,Finished,0.,0.,29.0821,
/bench/results/res-20240925T135331/CWE-78/1441_GHSA-65xx-c85x-wg76/plotter-0.5.0/plotter.js,Finished,0.,0.,148.1,
/bench/results/res-20240925T135331/CWE-78/958_GHSA-8mgg-5x65-m4m4/soletta-dev-app-0.0.7/server/routes.js,Finished,0.,0.,43.8578,
/bench/results/res-20240925T135331/CWE-78/1517_GHSA-gm9x-q798-hmr4/git-tags-remote-1.0.3/dist/index.js,Finished,0.,0.,38.276,
/bench/results/res-20240925T135331/CWE-78/GHSA-fmf5-j5j9-99pp/pulverizr-0.7.0/lib/job.js,Finished,0.,0.,37.5593,
/bench/results/res-20240925T135331/CWE-78/1439_GHSA-rc77-xxq6-4mff/hot-formula-parser-3.0.0/lib/grammar-parser/grammar-parser.js,Finished,0.,0.,42.6709,
/bench/results/res-20240925T135331/CWE-78/GHSA-6xv6-jpvw-cx6q/bestzip-2.1.6/lib/bestzip.js,Finished,0.,0.,41.2872,
/bench/results/res-20240925T135331/CWE-78/1020_GHSA-w725-67p7-xv22/local-devices-2.0.0/src/index.js,Finished,0.,0.,39.5394,
/bench/results/res-20240925T135331/CWE-78/643_GHSA-3pxp-6963-46r9/pdfinfojs-0.4.0/lib/pdfinfo.js,Finished,0.,0.,37.0826,
/bench/results/res-20240925T135331/CWE-78/GHSA-5wqj-f379-6jh4/kill-process-on-port-1.0.2/build/main/lib/index.js,Finished,0.,0.,35.0386,
/bench/results/res-20240925T135331/CWE-78/GHSA-7qmm-q394-fmch/ps-kill-1.0.0/index.js,Finished,0.,0.,34.1993,
/bench/results/res-20240925T135331/CWE-78/GHSA-5q6m-3h65-w53x/react-dev-utils-11.0.3/getProcessForPort.js,Finished,0.,0.,37.7797,
/bench/results/res-20240925T135331/CWE-94/GHSA-35jh-r3h4-6jhm/lodash-4.17.20/lodash.js,Timeout,0.,0.,300.003,
/bench/results/res-20240925T135331/CWE-94/551_GHSA-pv8x-p9hq-j328/mathjs-3.16.5/lib/expression/node/ObjectNode.js,Finished,0.,0.,30.8476,
/bench/results/res-20240925T135331/CWE-94/835_GHSA-cg48-9hh2-x6mx/preact-10.0.0-beta.0/src/create-element.js,Finished,0.,0.,29.5844,
/bench/results/res-20240925T135331/CWE-94/GHSA-4wv4-mgfq-598v/nobelprizeparser-1.0.1/lib/index.js,Finished,0.,0.,35.0178,
/bench/results/res-20240925T135331/CWE-94/GHSA-rwxp-hwwf-653v/express-hbs-2.1.2/lib/hbs.js,Finished,0.,0.,43.2044,
/bench/results/res-20240925T135331/CWE-94/813_GHSA-8j8c-7jfh-h6hx/js-yaml-3.13.0/lib/js-yaml/loader.js,Finished,0.,0.,2.42288,
/bench/results/res-20240925T135331/CWE-94/360_GHSA-qr32-j4j6-3m7r/fs-git-1.0.1/lib/index.js,Finished,0.,0.,39.9075,
/bench/results/res-20240925T135331/CWE-94/1_GHSA-5j3g-jfq3-7jwx/bassmaster-1.5.1/lib/batch.js,Finished,0.,0.,35.6159,
/bench/results/res-20240925T135331/CWE-94/GHSA-6cf8-qhqj-vjqm/total.js-3.4.6/utils.js,Timeout,0.,0.,300.003,
/bench/results/res-20240925T135331/CWE-94/GHSA-j32x-j8pj-pg2h/decal-2.1.3/src/utils/extend.js,Finished,0.,0.,31.681,
/bench/results/res-20240925T135331/CWE-94/1118_GHSA-3gx7-xhv7-5mx3/eslint-utils-1.4.0/index.js,Finished,0.,0.,36.8816,
/bench/results/res-20240925T135331/CWE-94/GHSA-3crj-w4f5-gwh4/less-openui5-0.9.0/lib/thirdparty/less/parser.js,Finished,0.,0.,59.9001,
/bench/results/res-20240925T135331/CWE-94/GHSA-3crj-w4f5-gwh4/less-openui5-0.9.0/lib/thirdparty/less/functions.js,Finished,0.,0.,44.8433,
/bench/results/res-20240925T135331/CWE-94/GHSA-3crj-w4f5-gwh4/less-openui5-0.9.0/lib/thirdparty/less/tree/quoted.js,Finished,0.,0.,31.3214,
/bench/results/res-20240925T135331/CWE-94/54_GHSA-pjh3-jv7w-9jpr/gm-1.20.0/lib/compare.js,Timeout,0.,0.,300.003,
/bench/results/res-20240925T135331/CWE-94/736_GHSA-gwg9-rgvj-4h5j/morgan-1.9.0/index.js,Finished,0.,0.,97.9118,
/bench/results/res-20240925T135331/CWE-94/GHSA-cf4h-3jhx-xvhq/underscore-1.12.0/underscore.js,Finished,0.,0.,62.2265,
/bench/results/res-20240925T135331/CWE-94/1021_GHSA-r3x4-wr4h-pw33/safer-eval-1.3.3/src/browser.js,Finished,0.,0.,35.0175,
/bench/results/res-20240925T135331/CWE-94/1021_GHSA-r3x4-wr4h-pw33/safer-eval-1.3.3/src/index.js,Finished,0.,0.,35.1313,
/bench/results/res-20240925T135331/CWE-94/153_GHSA-jcw8-r9xm-32c6/dns-sync-0.1.0/lib/dns-sync.js,Finished,0.,0.,31.6669,
/bench/results/res-20240925T135331/CWE-94/523/dns-sync-0.1.0/lib/dns-sync.js,Finished,0.,0.,32.3276,
/bench/results/res-20240925T135331/CWE-94/37_GHSA-5726-g6r9-5f22/syntax-error-1.1.0/index.js,Finished,0.,0.,34.1609,
/bench/results/res-20240925T135331/CWE-94/GHSA-fw2f-7f87-5r6c/access-policy-3.1.0/lib/encode.js,Finished,0.,0.,98.3715,
/bench/results/res-20240925T135331/CWE-94/144_GHSA-4662-j96g-mv46/reduce-css-calc-1.2.4/index.js,Finished,0.,0.,40.8087,
/bench/results/res-20240925T135331/CWE-94/552_GHSA-vx5c-87qx-cv6c/mathjs-3.16.5/lib/expression/parse.js,Finished,0.,0.,3.56318,
/bench/results/res-20240925T135331/CWE-94/GHSA-cg42-4wrc-gp47/node-extend-0.2.0/lib/extend.js,Finished,0.,0.,35.3571,
/bench/results/res-20240925T135331/CWE-94/1122_GHSA-5mrr-rgp6-x4gr/marsdb-0.6.11/lib/DocumentMatcher.js,Finished,0.,0.,39.711,
/bench/results/res-20240925T135331/CWE-94/336_GHSA-63m4-fhf2-cmf7/windows-cpu-0.1.4/index.js,Finished,0.,0.,29.2472,
/bench/results/res-20240925T135331/CWE-94/49_GHSA-qr28-7j6p-9hmv/mapbox.js-2.1.6/src/map.js,Finished,0.,0.,2.45272,
/bench/results/res-20240925T135331/CWE-94/315_GHSA-cwcp-6c48-fm7m/summit-0.1.22/lib/drivers/search/pouch.js,Finished,0.,0.,0.0245359,
/bench/results/res-20240925T135331/CWE-94/GHSA-j665-rvj7-2jv9/mosc-1.0.0/mosc.js,Timeout,0.,0.,300.002,
/bench/results/res-20240925T135331/CWE-94/1120_GHSA-xf27-jqwv-gf3r/larvitbase-api-0.5.2/index.js,Finished,0.,0.,46.0634,
/bench/results/res-20240925T135331/CWE-94/356_GHSA-hfq9-rfpv-j8r8/pidusage-1.1.4/lib/stats.js,Finished,0.,0.,45.2391,
/bench/results/res-20240925T135331/CWE-94/GHSA-h4j5-c7cj-74xg/xmlhttprequest-ssl-1.6.1/lib/XMLHttpRequest.js,Finished,0.,0.,32.4847,
/bench/results/res-20240925T135331/CWE-94/97_GHSA-r87w-47m8-22w3/jsrender-0.9.73/jsrender.js,Timeout,0.,0.,300.021,
/bench/results/res-20240925T135331/CWE-94/GHSA-3wj8-vp9h-rm6m/total.js-3.4.6/utils.js,Timeout,0.,0.,300.003,
/bench/results/res-20240925T135331/CWE-94/GHSA-vc9j-fhvv-8vrf/scratch-vm-0.2.0-prerelease.20200709173451/src/serialization/sb3.js,Finished,0.,0.,3.6506,
/bench/results/res-20240925T135331/CWE-94/GHSA-v756-4whv-48vc/cd-messenger-2.7.26/messenger-node.js,Finished,0.,0.,0.030616,
/bench/results/res-20240925T135331/CWE-471/717_GHSA-qw93-45r3-p66p/merge-options-1.0.0/index.js,Finished,0.,0.,41.6592,
/bench/results/res-20240925T135331/CWE-471/1502_GHSA-6pq3-928q-x6w6/utils-extend-1.0.8/index.js,Finished,0.,0.,40.0795,
/bench/results/res-20240925T135331/CWE-471/1463_GHSA-4r97-78gf-q24v/klona-1.1.0/dist/klona.js,Finished,0.,0.,29.6295,
/bench/results/res-20240925T135331/CWE-471/722_GHSA-f9cm-qmx5-m98h/merge-1.2.0/merge.js,Finished,0.,0.,46.5456,
/bench/results/res-20240925T135331/CWE-471/578_GHSA-3mpr-hq3p-49h9/mixin-deep-1.3.0/index.js,Finished,0.,0.,29.5944,
/bench/results/res-20240925T135331/CWE-471/612_GHSA-hr2v-3952-633q/deep-extend-0.5.0/lib/deep-extend.js,Finished,0.,0.,29.5985,
/bench/results/res-20240925T135331/CWE-471/1331_GHSA-q9wr-gcjc-hq52/reggae-0.0.1/index.js,Finished,0.,0.,30.3759,
/bench/results/res-20240925T135331/CWE-471/579_GHSA-xcvv-84j5-jw9h/assign-deep-0.4.6/index.js,Finished,0.,0.,43.1555,
/bench/results/res-20240925T135331/CWE-471/GHSA-5pm8-492c-92p5/chartkick-3.1.3/dist/chartkick.js,Finished,0.,0.,80.492,
/bench/results/res-20240925T135331/CWE-471/1483_GHSA-66mv-xh68-h6v2/hapi-19.1.0/lib/cors.js,Finished,0.,0.,4.47822,
/bench/results/res-20240925T135331/CWE-471/1333_GHSA-9qrg-h9g8-c65q/deep-setter-1.0.1/index.js,Finished,0.,0.,28.61,
/bench/results/res-20240925T135331/CWE-471/893_GHSA-f7qw-5pvg-mmwp/lutils-merge-0.2.6/merge.js,Finished,0.,0.,46.7141,
/bench/results/res-20240925T135331/CWE-471/566_GHSA-jp4x-w63m-7wgm/hoek-5.0.2/lib/index.js,Finished,0.,0.,143.84,
/bench/results/res-20240925T135331/CWE-471/801_GHSA-f8h3-rqrm-47v9/smart-extend-1.7.4/dist/smart-extend.js,Finished,0.,0.,32.5885,
/bench/results/res-20240925T135331/CWE-471/780_GHSA-675m-85rw-j3w4/just-extend-3.0.0/index.js,Finished,0.,0.,29.2818,
/bench/results/res-20240925T135331/CWE-471/739_GHSA-hc9w-4p87-j549/cached-path-relative-1.0.1/lib/index.js,Finished,0.,0.,45.5936,
/bench/results/res-20240925T135331/CWE-471/580_GHSA-9g9w-hmvj-5h57/merge-deep-3.0.0/index.js,Timeout,0.,0.,300.003,
/bench/results/res-20240925T135331/CWE-471/1070_GHSA-46fh-8fc5-xcwx/lodash.defaultsdeep-4.6.0/index.js,Finished,0.,0.,39.3092,
/bench/results/res-20240925T135331/CWE-471/GHSA-pf2j-9qmp-jqr2/typeorm-0.2.24/util/OrmUtils.js,Finished,0.,0.,24.6132,
/bench/results/res-20240925T135331/CWE-471/779_GHSA-h466-j336-74wx/mpath-0.5.0/lib/index.js,Timeout,0.,0.,300.037,
/bench/results/res-20240925T135331/CWE-471/1334_GHSA-8j49-49jq-vwcq/getsetdeep-4.12.0/edition-browsers/index.js,Finished,0.,0.,30.0504,
/bench/results/res-20240925T135331/CWE-471/1014_GHSA-66rh-8fw6-59q6/assign-deep-0.4.8/index.js,Finished,0.,0.,43.1386,
/bench/results/res-20240925T135331/CWE-471/1508_GHSA-96r7-mrqf-jhcc/ini-parser-0.0.2/index.js,Finished,0.,0.,30.4858,
/bench/results/res-20240925T135331/CWE-471/577_GHSA-fvqr-27wr-82fm/lodash-4.17.4/lodash.js,Timeout,0.,0.,300.004,
/bench/results/res-20240925T135331/CWE-471/1469_GHSA-gqgv-6jq5-jjj9/qs-6.2.2/lib/parse.js,Finished,0.,0.,34.0397,
/bench/results/res-20240925T135331/CWE-471/1343_GHSA-89mq-4x47-5v83/v1.7.8.tar/angular.js,Finished,0.,0.,0.026854,
/bench/results/res-20240925T135331/CWE-471/581_GHSA-cqp5-m4pq-gfgp/defaults-deep-0.2.3/index.js,Finished,0.,0.,38.6471,
/bench/results/res-20240925T135331/CWE-471/1329_GHSA-6fh5-8wq8-w3wr/unflatten-1.0.4/lib/index.js,Finished,0.,0.,30.2357,
/bench/results/res-20240925T135331/CWE-471/642_GHSA-m8fw-534v-xm85/cloudcmd-9.1.5/common/cloudfunc.js,Finished,0.,0.,30.5025,
/bench/results/res-20240925T135331/CWE-471/781_GHSA-r96c-57pf-9jjm/node.extend-2.0.0/lib/extend.js,Finished,0.,0.,29.9676,
/bench/results/res-20240925T135331/CWE-471/1069_GHSA-5947-m4fg-xhqg/lodash.mergewith-4.6.0/index.js,Finished,0.,0.,38.5754,
/bench/results/res-20240925T135331/CWE-471/1332_GHSA-ch82-gqh6-9xj9/get-setter-0.0.0/index.js,Finished,0.,0.,49.7593,
/bench/results/res-20240925T135331/CWE-471/611_GHSA-xrmp-99wj-p6jc/deap-1.0.0/lib/deap.js,Finished,0.,0.,46.4791,
/bench/results/res-20240925T135331/CWE-471/1068_GHSA-h5mp-5q4p-ggf5/lodash.defaultsdeep-4.6.0/index.js,Finished,0.,0.,37.5554,
/bench/results/res-20240925T135331/CWE-471/1336_GHSA-83pq-466j-fc6j/sahmat-1.0.1/index.js,Finished,0.,0.,61.999,
/bench/results/res-20240925T135331/CWE-471/778_GHSA-pjxw-22xf-6pwc/defaults-deep-0.2.4/index.js,Finished,0.,0.,40.8224,
/bench/results/res-20240925T135331/CWE-471/1179_GHSA-vh95-rmgr-6w4m/minimist-1.2.2/index.js,Finished,0.,0.,32.4593,
/bench/results/res-20240925T135331/CWE-471/1327_GHSA-g7h8-p22m-2rvx/flat-wrap-1.0.2/index.js,Finished,0.,0.,26.8633,
/bench/results/res-20240925T135331/CWE-471/1094_GHSA-c3px-v9c7-m734/mithril-2.0.1/mithril.js,Timeout,0.,0.,300.003,
/bench/results/res-20240925T135331/CWE-471/715_GHSA-cvxm-f295-x957/merge-recursive-0.0.3/lib/index.js,Finished,0.,0.,42.7623,
/bench/results/res-20240925T135331/CWE-471/1012_GHSA-4g88-fppr-53pp/set-value-3.0.0/index.js,Finished,0.,0.,37.8171,
/bench/results/res-20240925T135331/CWE-471/1071_GHSA-779f-wgxg-qr8f/lodash.mergewith-4.6.1/index.js,Finished,0.,0.,37.4453,
/bench/results/res-20240925T135331/CWE-471/995_GHSA-3f95-w5h5-fq86/mergify-1.0.2/index.js,Finished,0.,0.,43.3293,
/bench/results/res-20240925T135331/CWE-471/GHSA-ff7x-qrg7-qggm/dot-prop-4.2.0/index.js,Finished,0.,0.,31.5309,
/bench/results/res-20240925T135331/CWE-471/1065_GHSA-jf85-cpcp-j695/lodash-4.17.11/_baseAssignValue.js,Finished,0.,0.,28.8873,
/bench/results/res-20240925T135331/CWE-471/996_GHSA-qrmc-fj45-qfc2/extend-3.0.1/index.js,Finished,0.,0.,29.7522,
/bench/results/res-20240925T135331/CWE-471/917_GHSA-74cr-77xc-8g6r/gateway-0.6.1/src/utilities/deepMerge.ts,Finished,0.,0.,22.281,
/bench/results/res-20240925T135331/CWE-471/1506_GHSA-cxm3-284p-qc4v/sds-3.2.0/js/set.js,Timeout,0.,0.,300.004,
/bench/results/res-20240925T135331/CWE-471/716_GHSA-992f-wf4w-x36v/merge-objects-1.0.5/lib/merge-objects.js,Finished,0.,0.,29.6726,
/bench/results/res-20240925T135331/CWE-471/GHSA-5pg7-v24c-9rp9/controlled-merge-1.2.0/index.js,Finished,0.,0.,30.1436,
/bench/results/res-20240925T135331/CWE-1321/GHSA-c4w7-xm78-47vh/y18n-5.0.4/build/index.cjs,Finished,0.,0.,31.4099,
/bench/results/res-20240925T135331/CWE-1321/GHSA-85cp-p426-42f5/deep-get-set-1.1.0/index.js,Timeout,0.,0.,300.003,
/bench/results/res-20240925T135331/CWE-1321/GHSA-p3hc-fv2j-rp68/swiper-6.5.0/cjs/utils/utils.js,Finished,0.,0.,30.391,
/bench/results/res-20240925T135331/CWE-1321/GHSA-gmjw-49p4-pcfm/msgpack5-5.2.0/lib/decoder.js,Finished,0.,0.,32.4621,
/bench/results/res-20240925T135331/CWE-1321/GHSA-cwcx-rxgc-cmw3/101-1.6.3/set.js,Finished,0.,0.,30.2287,
/bench/results/res-20240925T135331/CWE-1321/GHSA-339j-hqgx-qrrx/nedb-1.8.0/lib/model.js,Finished,0.,0.,35.556,
/bench/results/res-20240925T135331/CWE-1321/GHSA-2cf2-2383-h4jv/querymen-2.1.3/dist/index.js,Finished,0.,0.,2.90107,
/bench/results/res-20240925T135331/CWE-1321/GHSA-3r8w-mphv-2f3f/lutils-2.4.0/merge/merge.js,Finished,0.,0.,29.4979,
/bench/results/res-20240925T135331/CWE-1321/GHSA-wgfq-7857-4jcc/json-bigint-0.4.0/lib/parse.js,Finished,0.,0.,44.2758,
/bench/results/res-20240925T135331/CWE-1321/GHSA-f5c9-x9j6-87qp/dotty-0.1.0/lib/index.js,Finished,0.,0.,41.3511,
/bench/results/res-20240925T135331/CWE-1321/GHSA-m428-jqc4-2p5j/phpjs-1.3.2/build/npm.js,Timeout,0.,0.,300.005,
/bench/results/res-20240925T135331/CWE-1321/GHSA-j4rw-x3vg-c8r7/node-oojs-1.4.0/src/oojs.js,Finished,0.,0.,46.0763,
/bench/results/res-20240925T135331/CWE-1321/GHSA-79jw-6wg7-r9g4/mixme-0.5.0/dist/mixme.cjs.js,Finished,0.,0.,32.1997,
/bench/results/res-20240925T135331/CWE-1321/GHSA-6cf8-qhqj-vjqm/total.js-3.4.6/utils.js,Timeout,0.,0.,300.006,
/bench/results/res-20240925T135331/CWE-1321/GHSA-j32x-j8pj-pg2h/decal-2.1.3/src/utils/extend.js,Finished,0.,0.,32.614,
/bench/results/res-20240925T135331/CWE-1321/GHSA-rrqm-p222-8ph2/dynamoose-2.6.0/dist/utils/object/set.js,Finished,0.,0.,29.7367,
/bench/results/res-20240925T135331/CWE-1321/GHSA-cwx2-736x-mf6w/object-path-0.11.4/index.js,Finished,0.,0.,39.9509,
/bench/results/res-20240925T135331/CWE-1321/GHSA-6hwh-rqwf-cxxr/vega-util-1.13.0/build/vega-util.js,Finished,0.,0.,40.4216,
/bench/results/res-20240925T135331/CWE-1321/GHSA-qr4p-c9wr-phr6/set-in-2.0.0/index.js,Timeout,0.,0.,300.004,
/bench/results/res-20240925T135331/CWE-1321/GHSA-8f89-2fwj-5v5r/klona-1.1.0/dist/klona.js,Finished,0.,0.,29.9198,
/bench/results/res-20240925T135331/CWE-1321/GHSA-4q97-fh3f-j294/tiny-conf-1.1.0/tiny-conf.js,Finished,0.,0.,43.6298,
/bench/results/res-20240925T135331/CWE-1321/GHSA-p6jh-p7q8-pcrg/nodee-utils-1.2.2/lib/object.js,Finished,0.,0.,81.4043,
/bench/results/res-20240925T135331/CWE-1321/GHSA-85g2-29m8-qf2p/object-collider-1.0.3/dist/src/utils/CollideUtil.js,Finished,0.,0.,46.7594,
/bench/results/res-20240925T135331/CWE-1321/GHSA-pgmg-gf5p-54j8/gammautils-0.0.81/lib/objectUtils.js,Finished,0.,0.,45.7455,
/bench/results/res-20240925T135331/CWE-1321/GHSA-v659-54cx-g4qr/deep-override-1.0.1/src/index.js,Finished,0.,0.,30.2518,
/bench/results/res-20240925T135331/CWE-1321/GHSA-pf2j-9qmp-jqr2/typeorm-0.2.24/util/OrmUtils.js,Finished,0.,0.,31.9104,
/bench/results/res-20240925T135331/CWE-1321/GHSA-jh2m-j8pp-55rc/gedi-1.6.3/modelOperations.js,Finished,0.,0.,42.2161,
/bench/results/res-20240925T135331/CWE-1321/GHSA-6g8v-hpgw-h2v7/gsap-3.5.1/dist/gsap.js,Finished,0.,0.,159.453,
/bench/results/res-20240925T135331/CWE-1321/GHSA-rj5f-7c8x-gjg4/promisehelpers-0.0.5/src/index.js,Timeout,0.,0.,300.004,
/bench/results/res-20240925T135331/CWE-1321/GHSA-9qmh-276g-x5pj/immer-8.0.0/dist/immer.cjs.development.js,Finished,0.,0.,38.6833,
/bench/results/res-20240925T135331/CWE-1321/GHSA-qr4m-jcvc-3382/dot-notes-3.2.0/lib/create.js,Timeout,0.,0.,300.004,
/bench/results/res-20240925T135331/CWE-1321/GHSA-fmrr-mx6j-h3h5/confucious-0.0.12/confucious.js,Finished,0.,0.,86.5662,
/bench/results/res-20240925T135331/CWE-1321/GHSA-c497-v8pv-ch6x/nested-object-assign-1.0.3/lib/nestedObjectAssign.js,Finished,0.,0.,25.7256,
/bench/results/res-20240925T135331/CWE-1321/GHSA-8vv3-jxm8-f4vf/connie-lang-0.1.0/lib/connie-lang.js,Timeout,0.,0.,300.006,
/bench/results/res-20240925T135331/CWE-1321/GHSA-fpm5-vv97-jfwg/util-0.3.3/dist/index.node.cjs.js,Finished,0.,0.,46.4513,
/bench/results/res-20240925T135331/CWE-1321/GHSA-jvf5-q4h5-2jmj/madlib-object-utils-0.1.6/lib/utils.js,Finished,0.,0.,43.6423,
/bench/results/res-20240925T135331/CWE-1321/GHSA-8qpm-5c82-rf96/backbone-query-parameters-0.4.0/backbone.queryparams.js,Finished,0.,0.,39.6431,
/bench/results/res-20240925T135331/CWE-1321/GHSA-jv35-xqg7-f92r/set-getter-0.1.0/index.js,Finished,0.,0.,30.7971,
/bench/results/res-20240925T135331/CWE-1321/GHSA-rgfv-v3jh-7ffp/deeps-1.4.5/index.js,Finished,0.,0.,60.9618,
/bench/results/res-20240925T135331/CWE-1321/GHSA-7wpw-2hjm-89gp/merge-2.1.0/lib/src/index.js,Finished,0.,0.,44.6298,
/bench/results/res-20240925T135331/CWE-1321/GHSA-qwp9-52h8-xgg8/jointjs-3.2.0/dist/joint.js,Finished,0.,0.,54.5815,
/bench/results/res-20240925T135331/CWE-1321/GHSA-gr58-j5wh-m333/nis-utils-0.6.10/lib/object.js,Timeout,0.,0.,300.004,
/bench/results/res-20240925T135331/CWE-1321/GHSA-x3wr-v4wx-5qpc/expand-hash-1.0.1/index.js,Finished,0.,0.,30.4424,
/bench/results/res-20240925T135331/CWE-1321/GHSA-j7cg-h9v9-6vqp/path-4.6.8/src/Path.js,Finished,0.,0.,21.6363,
/bench/results/res-20240925T135331/CWE-1321/GHSA-f98m-q3hr-p5wq/locutus-2.0.11/php/strings/parse_str.js,Timeout,0.,0.,300.006,
/bench/results/res-20240925T135331/CWE-1321/GHSA-9829-jj5p-j6hf/worksmith-1.0.0/index.js,Finished,0.,0.,43.5498,
/bench/results/res-20240925T135331/CWE-1321/GHSA-2f6g-w5gj-c93h/iniparserjs-1.0.4/ini_parser.js,Finished,0.,0.,49.7165,
/bench/results/res-20240925T135331/CWE-1321/GHSA-vrr3-5r3v-7xfw/casperjs-1.1.4/modules/utils.js,Finished,0.,0.,2.73488,
/bench/results/res-20240925T135331/CWE-1321/GHSA-vp77-fqqp-79j8/decal-2.1.3/src/utils/set.js,Finished,0.,0.,1.85997,
/bench/results/res-20240925T135331/CWE-1321/GHSA-6fw4-hr69-g3rv/property-expr-2.0.2/index.js,Finished,0.,0.,40.3223,
/bench/results/res-20240925T135331/CWE-1321/GHSA-jpq3-xf27-5jf2/safe-object2-1.0.3/index.js,Finished,0.,0.,29.9993,
/bench/results/res-20240925T135331/CWE-1321/GHSA-9534-h433-2rjf/utilitify-1.0.2/utils/mergeDeep.js,Finished,0.,0.,43.9743,
/bench/results/res-20240925T135331/CWE-1321/GHSA-w8f3-pvx4-4c3h/arr-flatten-unflatten-1.1.4/unflatten.js,Finished,0.,0.,29.6738,
