benchmark,cwe,marker,utime,stime,total_time,
results/secbench-nodemedic-out/algoliasearch-helper/algoliasearch-helper-3.6.0_NodeMedic,CWE-471,Exited 0,0.,0.,9.121436237,
results/secbench-nodemedic-out/hftp/hftp-0.0.6_NodeMedic,CWE-22,Exited 0,0.,0.,8.758901516,
results/secbench-nodemedic-out/git-dummy-commit/git-dummy-commit-1.3.0_NodeMedic,CWE-78,Exited 0,0.,0.,8.870292353,
results/secbench-nodemedic-out/xxf11/xxf11-1.0.1_NodeMedic,CWE-22,Exited 0,0.,0.,9.411795337,
results/secbench-nodemedic-out/hoek/hoek-5.0.0_NodeMedic,CWE-471,Exited 0,0.,0.,8.161675345,
results/secbench-nodemedic-out/zhaolei1111/zhaolei1111-1.1.0_NodeMedic,CWE-22,Exited 0,0.,0.,9.253010354,
results/secbench-nodemedic-out/rfc6902/rfc6902-4.0.2_NodeMedic,CWE-471,Exited 0,0.,0.,7.950831139,
results/secbench-nodemedic-out/buns/buns-1.1.6_NodeMedic,CWE-78,Exited 0,0.,0.,9.026769348,
results/secbench-nodemedic-out/ptest/ptest-1.0.0_NodeMedic,CWE-22,Exited 0,0.,0.,9.14329961,
results/secbench-nodemedic-out/fbr-client/fbr-client-1.0.3_NodeMedic,CWE-22,Exited 0,0.,0.,22.647512767,
results/secbench-nodemedic-out/file-static-server/file-static-server-1.0.2_NodeMedic,CWE-22,Exited 0,0.,0.,8.05822141,
results/secbench-nodemedic-out/killing/killing-1.0.6_NodeMedic,CWE-78,Exited 0,0.,0.,162.018232639,
results/secbench-nodemedic-out/serverzyy/serverzyy-1.0.0_NodeMedic,CWE-22,Exited 0,0.,0.,8.956511905,
results/secbench-nodemedic-out/ltt.js/ltt.js-1.0.0_NodeMedic,CWE-94,Exited 0,0.,0.,8.849569454,
results/secbench-nodemedic-out/cyber-js/cyber-js-1.0.6_NodeMedic,CWE-22,Exited 0,0.,0.,9.066944807,
results/secbench-nodemedic-out/servershuai/servershuai-1.2.0_NodeMedic,CWE-22,Exited 0,0.,0.,9.06792107,
results/secbench-nodemedic-out/js-yaml/js-yaml-3.13.0_NodeMedic,CWE-94,Exited 0,0.,0.,8.021457925,
results/secbench-nodemedic-out/proxey/proxey-0.4.2_NodeMedic,CWE-22,Exited 0,0.,0.,8.926102618,
results/secbench-nodemedic-out/diskusage-ng/diskusage-ng-0.2.6_NodeMedic,CWE-78,Exited 0,0.,0.,48.259927205,
results/secbench-nodemedic-out/assign-deep/assign-deep-1.0.0_NodeMedic,CWE-471,Exited 0,0.,0.,9.111715481,
results/secbench-nodemedic-out/mfrserver/mfrserver-1.0.0_NodeMedic,CWE-22,Exited 0,0.,0.,9.013989103,
results/secbench-nodemedic-out/alfred-workflow-nodejs/alfred-workflow-nodejs-2.0.1_NodeMedic,CWE-78,Exited 0,0.,0.,153.987146865,
results/secbench-nodemedic-out/rollup-plugin-dev-server/rollup-plugin-dev-server-0.4.3_NodeMedic,CWE-22,Exited 0,0.,0.,8.158141581,
results/secbench-nodemedic-out/wifiscanner/wifiscanner-1.0.1_NodeMedic,CWE-94,Exited 0,0.,0.,8.545955207,
results/secbench-nodemedic-out/xingbaohai/xingbaohai-1.0.0_NodeMedic,CWE-22,Exited 0,0.,0.,8.569905422,
results/secbench-nodemedic-out/node-serialize/node-serialize-0.0.3_NodeMedic,CWE-94,Exited 0,0.,0.,8.473705734,
results/secbench-nodemedic-out/@vivaxy-here/@vivaxy-here-3.1.0_NodeMedic,CWE-22,Exited 0,0.,0.,8.393266972,
results/secbench-nodemedic-out/nis-utils/nis-utils-0.6.10_NodeMedic,CWE-471,Exited 0,0.,0.,17.675015601,
results/secbench-nodemedic-out/node-unrar/node-unrar-0.1.0_NodeMedic,CWE-78,Exited 0,0.,0.,38.714578148,
results/secbench-nodemedic-out/predefine/predefine-0.1.2_NodeMedic,CWE-471,Exited 0,0.,0.,7.824527826,
results/secbench-nodemedic-out/gyfserver/gyfserver-1.0.0_NodeMedic,CWE-22,Exited 0,0.,0.,13.472008164,
results/secbench-nodemedic-out/isv-http/isv-http-0.0.9_NodeMedic,CWE-22,Exited 0,0.,0.,9.054346566,
results/secbench-nodemedic-out/yxxserver/yxxserver-1.0.0_NodeMedic,CWE-22,Exited 0,0.,0.,8.898634899,
results/secbench-nodemedic-out/onion-oled-js/onion-oled-js-0.0.2_NodeMedic,CWE-78,Exited 0,0.,0.,52.621394053,
results/secbench-nodemedic-out/putil-merge/putil-merge-3.0.0_NodeMedic,CWE-471,Exited 0,0.,0.,8.892392811,
results/secbench-nodemedic-out/im-metadata/im-metadata-3.0.1_NodeMedic,CWE-78,Exited 0,0.,0.,18.666692035,
results/secbench-nodemedic-out/defaults-deep/defaults-deep-0.2.0_NodeMedic,CWE-471,Exited 0,0.,0.,7.830212747,
results/secbench-nodemedic-out/gaoxuyan/gaoxuyan-1.1.0_NodeMedic,CWE-22,Exited 0,0.,0.,9.138364463,
results/secbench-nodemedic-out/think-helper/think-helper-1.1.0_NodeMedic,CWE-471,Exited 0,0.,0.,15.864348184,
results/secbench-nodemedic-out/wuzhuangserver/wuzhuangserver-1.8.0_NodeMedic,CWE-22,Exited 0,0.,0.,9.181440502,
results/secbench-nodemedic-out/vega-util/vega-util-1.13.0_NodeMedic,CWE-471,Exited 0,0.,0.,9.552051634,
results/secbench-nodemedic-out/iniparserjs/iniparserjs-1.0.4_NodeMedic,CWE-471,Exited 0,0.,0.,8.535887757,
results/secbench-nodemedic-out/monorepo-build/monorepo-build-0.1.9_NodeMedic,CWE-78,Exited 0,0.,0.,29.795333254,
results/secbench-nodemedic-out/json8-merge-patch/json8-merge-patch-1.0.1_NodeMedic,CWE-471,Exited 0,0.,0.,8.620641525,
results/secbench-nodemedic-out/myprolyz/myprolyz-1.1.0_NodeMedic,CWE-22,Exited 0,0.,0.,9.399865553,
results/secbench-nodemedic-out/arr-flatten-unflatten/arr-flatten-unflatten-1.1.4_NodeMedic,CWE-471,Exited 0,0.,0.,141.942849765,
results/secbench-nodemedic-out/object-path-set/object-path-set-1.0.0_NodeMedic,CWE-471,Exited 0,0.,0.,8.908018812,
results/secbench-nodemedic-out/static-server-gx/static-server-gx-1.2.1_NodeMedic,CWE-22,Exited 0,0.,0.,10.19756685,
results/secbench-nodemedic-out/wind-mvc/wind-mvc-0.0.6_NodeMedic,CWE-22,Exited 0,0.,0.,9.317732989,
results/secbench-nodemedic-out/grunt-util-property/grunt-util-property-0.0.2_NodeMedic,CWE-471,Exited 0,0.,0.,8.02269892,
results/secbench-nodemedic-out/nitro-server/nitro-server-1.3.3_NodeMedic,CWE-22,Exited 0,0.,0.,8.761110771,
results/secbench-nodemedic-out/serveryztyzt/serveryztyzt-1.4.0_NodeMedic,CWE-22,Exited 0,0.,0.,8.380178906,
results/secbench-nodemedic-out/undefsafe/undefsafe-2.0.2_NodeMedic,CWE-471,Exited 0,0.,0.,7.489501433,
results/secbench-nodemedic-out/ritp/ritp-1.0.5_NodeMedic,CWE-22,Exited 0,0.,0.,9.257261291,
results/secbench-nodemedic-out/libnested/libnested-1.5.0_NodeMedic,CWE-471,Exited 0,0.,0.,8.892622913,
results/secbench-nodemedic-out/ffmpeg-sdk/ffmpeg-sdk-0.0.5_NodeMedic,CWE-78,Exited 0,0.,0.,23.880448218,
results/secbench-nodemedic-out/git-lib/git-lib-1.6.0_NodeMedic,CWE-78,Exited 0,0.,0.,9.847965326,
results/secbench-nodemedic-out/zjjserver/zjjserver-1.0.0_NodeMedic,CWE-22,Exited 0,0.,0.,8.732167017,
results/secbench-nodemedic-out/basic-static/basic-static-2.0.2_NodeMedic,CWE-22,Exited 0,0.,0.,8.314745842,
results/secbench-nodemedic-out/querymen/querymen-2.1.3_NodeMedic,CWE-471,Exited 0,0.,0.,8.936199888,
results/secbench-nodemedic-out/servergmf/servergmf-1.1.0_NodeMedic,CWE-22,Exited 0,0.,0.,8.916515945,
results/secbench-nodemedic-out/easy-node-server/easy-node-server-1.2.1_NodeMedic,CWE-22,Exited 0,0.,0.,8.595021235,
results/secbench-nodemedic-out/fast-json-patch/fast-json-patch-2.0.4_NodeMedic,CWE-471,Exited 0,0.,0.,21.573283302,
results/secbench-nodemedic-out/bestzip/bestzip-2.1.6_NodeMedic,CWE-78,Exited 0,0.,0.,8.189211285,
results/secbench-nodemedic-out/liuyaserver/liuyaserver-1.0.0_NodeMedic,CWE-22,Exited 0,0.,0.,9.44211773,
results/secbench-nodemedic-out/looppake/looppake-3.0.0_NodeMedic,CWE-22,Exited 0,0.,0.,9.51085935,
results/secbench-nodemedic-out/phpjs/phpjs-1.3.2_NodeMedic,CWE-471,Exited 0,0.,0.,8.77863102,
results/secbench-nodemedic-out/samsung-remote/samsung-remote-1.2.5_NodeMedic,CWE-78,Exited 0,0.,0.,9.309824835,
results/secbench-nodemedic-out/simpl-schema/simpl-schema-1.10.0_NodeMedic,CWE-471,Exited 0,0.,0.,9.131521566,
results/secbench-nodemedic-out/node-static-webserver/node-static-webserver-0.0.1_NodeMedic,CWE-22,Exited 0,0.,0.,9.2241083,
results/secbench-nodemedic-out/node-srv/node-srv-2.0.0_NodeMedic,CWE-22,Exited 0,0.,0.,9.617450989,
results/secbench-nodemedic-out/portprocesses/portprocesses-1.0.4_NodeMedic,CWE-78,Exited 0,0.,0.,23.420248594,
results/secbench-nodemedic-out/doc-path/doc-path-2.0.0_NodeMedic,CWE-471,Exited 0,0.,0.,15.937100692,
results/secbench-nodemedic-out/set-object-value/set-object-value-0.0.5_NodeMedic,CWE-471,Exited 0,0.,0.,9.473844239,
results/secbench-nodemedic-out/ljjnodeserve/ljjnodeserve-1.0.0_NodeMedic,CWE-22,Exited 0,0.,0.,9.372308588,
results/secbench-nodemedic-out/serve-here.js/serve-here.js-1.1.0_NodeMedic,CWE-94,Exited 0,0.,0.,8.673566107,
results/secbench-nodemedic-out/serverwzl/serverwzl-1.3.1_NodeMedic,CWE-22,Exited 0,0.,0.,8.729970804,
results/secbench-nodemedic-out/rtcmulticonnection-client/rtcmulticonnection-client-1.0.5_NodeMedic,CWE-22,Exited 0,0.,0.,8.209649601,
results/secbench-nodemedic-out/node-cxc/node-cxc-1.0.0_NodeMedic,CWE-22,Exited 0,0.,0.,10.005598843,
results/secbench-nodemedic-out/npm-git-publish/npm-git-publish-0.2.4-beta_NodeMedic,CWE-78,Exited 0,0.,0.,8.820428859,
results/secbench-nodemedic-out/cuiaiguang/cuiaiguang-1.0.0_NodeMedic,CWE-22,Exited 0,0.,0.,8.849315634,
results/secbench-nodemedic-out/dylmomo/dylmomo-1.0.0_NodeMedic,CWE-22,Exited 0,0.,0.,8.67335182,
results/secbench-nodemedic-out/gity/gity-1.0.5_NodeMedic,CWE-78,Exited 0,0.,0.,8.665658171,
results/secbench-nodemedic-out/worksmith/worksmith-1.0.0_NodeMedic,CWE-471,Exited 0,0.,0.,17.375769669,
results/secbench-nodemedic-out/aurelia-path/aurelia-path-1.1.7_NodeMedic,CWE-471,Exited 0,0.,0.,7.953450798,
results/secbench-nodemedic-out/convict/convict-6.0.0_NodeMedic,CWE-471,Exited 0,0.,0.,6.398596383,
results/secbench-nodemedic-out/psnode/psnode-0.0.1_NodeMedic,CWE-78,Exited 0,0.,0.,8.535805454,
results/secbench-nodemedic-out/mixin-deep/mixin-deep-2.0.0_NodeMedic,CWE-471,Exited 0,0.,0.,8.166331317,
results/secbench-nodemedic-out/httpea/httpea-3.0.4_NodeMedic,CWE-22,Exited 0,0.,0.,8.331830406,
results/secbench-nodemedic-out/m-log/m-log-0.0.1_NodeMedic,CWE-94,Exited 0,0.,0.,41.392925598,
results/secbench-nodemedic-out/nodejsccc/nodejsccc-1.0.0_NodeMedic,CWE-22,Exited 0,0.,0.,8.696757962,
results/secbench-nodemedic-out/imagickal/imagickal-5.0.1_NodeMedic,CWE-78,Exited 0,0.,0.,63.362869697,
results/secbench-nodemedic-out/dot-prop/dot-prop-2.0.0_NodeMedic,CWE-471,Exited 0,0.,0.,8.462167221,
results/secbench-nodemedic-out/lander/lander-1.0.0_NodeMedic,CWE-22,Exited 0,0.,0.,9.172872258,
results/secbench-nodemedic-out/adb-driver/adb-driver-0.1.8_NodeMedic,CWE-78,Exited 0,0.,0.,10.060070862,
results/secbench-nodemedic-out/ussasasa/ussasasa-1.0.0_NodeMedic,CWE-22,Exited 0,0.,0.,9.810537656,
results/secbench-nodemedic-out/object-path/object-path-0.11.4_NodeMedic,CWE-471,Exited 0,0.,0.,12.78858293,
results/secbench-nodemedic-out/object-path/object-path-0.11.0_NodeMedic,CWE-471,Exited 0,0.,0.,9.015022567,
results/secbench-nodemedic-out/deeps/deeps-1.4.5_NodeMedic,CWE-471,Exited 0,0.,0.,8.128080496,
results/secbench-nodemedic-out/yypsulie11/yypsulie11-1.0.0_NodeMedic,CWE-22,Exited 0,0.,0.,9.911986161,
results/secbench-nodemedic-out/infraserver/infraserver-0.0.1_NodeMedic,CWE-22,Exited 0,0.,0.,13.476961233,
results/secbench-nodemedic-out/eivindfjeldstad-dot/eivindfjeldstad-dot-0.0.1_NodeMedic,CWE-471,Exited 0,0.,0.,8.006124461,
results/secbench-nodemedic-out/servewuqianqianqian/servewuqianqianqian-1.0.0_NodeMedic,CWE-22,Exited 0,0.,0.,8.984154188,
results/secbench-nodemedic-out/serverzyqzyq/serverzyqzyq-1.1.0_NodeMedic,CWE-22,Exited 0,0.,0.,8.833799848,
results/secbench-nodemedic-out/wrlc/wrlc-0.2.5_NodeMedic,CWE-22,Exited 0,0.,0.,45.182723267,
results/secbench-nodemedic-out/wc-cmd/wc-cmd-1.0.9_NodeMedic,CWE-78,Exited 0,0.,0.,10.548464833,
results/secbench-nodemedic-out/deep-set/deep-set-1.0.0_NodeMedic,CWE-471,Exited 0,0.,0.,8.406030075,
results/secbench-nodemedic-out/node-extend/node-extend-1.0.0_NodeMedic,CWE-94,Exited 0,0.,0.,7.682099094,
results/secbench-nodemedic-out/getobject/getobject-0.1.0_NodeMedic,CWE-471,Exited 0,0.,0.,9.273657177,
results/secbench-nodemedic-out/wuzhuang/wuzhuang-1.0.0_NodeMedic,CWE-22,Exited 0,0.,0.,8.483959823,
results/secbench-nodemedic-out/zhangranbigman/zhangranbigman-0.0.1_NodeMedic,CWE-22,Exited 0,0.,0.,9.125311416,
results/secbench-nodemedic-out/fakelearnnodejs/fakelearnnodejs-0.0.1_NodeMedic,CWE-22,Exited 0,0.,0.,25.640671127,
results/secbench-nodemedic-out/keyget/keyget-2.2.0_NodeMedic,CWE-471,Exited 0,0.,0.,14.13469254,
results/secbench-nodemedic-out/asciitable.js/asciitable.js-1.0.2_NodeMedic,CWE-94,Exited 0,0.,0.,8.912300423,
results/secbench-nodemedic-out/yargs-parser/yargs-parser-6.0.0_NodeMedic,CWE-471,Exited 0,0.,0.,8.657261281,
results/secbench-nodemedic-out/mout/mout-1.0.0_NodeMedic,CWE-471,Exited 0,0.,0.,8.003946032,
results/secbench-nodemedic-out/js-extend/js-extend-0.0.1_NodeMedic,CWE-471,Exited 0,0.,0.,8.786710875,
results/secbench-nodemedic-out/yjmyjmyjm/yjmyjmyjm-1.0.0_NodeMedic,CWE-22,Exited 0,0.,0.,8.787103092,
results/secbench-nodemedic-out/ps-visitor/ps-visitor-0.0.2_NodeMedic,CWE-78,Exited 0,0.,0.,9.230852393,
results/secbench-nodemedic-out/zs123/zs123-1.0.0_NodeMedic,CWE-22,Exited 0,0.,0.,8.650308876,
results/secbench-nodemedic-out/npm-help/npm-help-1.0.0_NodeMedic,CWE-78,Exited 0,0.,0.,28.359414627,
results/secbench-nodemedic-out/http-file-server/http-file-server-0.2.6_NodeMedic,CWE-22,Exited 0,0.,0.,8.70616438,
results/secbench-nodemedic-out/promisehelpers/promisehelpers-0.0.5_NodeMedic,CWE-471,Exited 0,0.,0.,8.819313859,
results/secbench-nodemedic-out/hangersteak/hangersteak-0.2.2_NodeMedic,CWE-22,Exited 0,0.,0.,13.865887373,
results/secbench-nodemedic-out/pidusage/pidusage-1.0.0_NodeMedic,CWE-78,Exited 0,0.,0.,8.582885375,
results/secbench-nodemedic-out/y18n/y18n-3.2.1_NodeMedic,CWE-471,Exited 0,0.,0.,8.280127107,
results/secbench-nodemedic-out/serveryaozeyan/serveryaozeyan-1.0.4_NodeMedic,CWE-22,Exited 0,0.,0.,8.448292395,
results/secbench-nodemedic-out/rollup-plugin-serve-favicon/rollup-plugin-serve-favicon-0.4.2_NodeMedic,CWE-22,Exited 0,0.,0.,8.904592187,
results/secbench-nodemedic-out/shenliru/shenliru-1.2.0_NodeMedic,CWE-22,Exited 0,0.,0.,9.551004045,
results/secbench-nodemedic-out/node-latex-pdf/node-latex-pdf-0.0.2_NodeMedic,CWE-78,Exited 0,0.,0.,8.338061579,
results/secbench-nodemedic-out/serverlyj333/serverlyj333-1.1.0_NodeMedic,CWE-22,Exited 0,0.,0.,9.193580987,
results/secbench-nodemedic-out/stattic/stattic-0.2.3_NodeMedic,CWE-22,Exited 0,0.,0.,9.181513281,
results/secbench-nodemedic-out/reduce-css-calc/reduce-css-calc-1.2.0_NodeMedic,CWE-94,Exited 0,0.,0.,8.60332645,
results/secbench-nodemedic-out/node-oojs/node-oojs-1.4.0_NodeMedic,CWE-471,Exited 0,0.,0.,9.433549121,
results/secbench-nodemedic-out/wenluhong1/wenluhong1-1.0.0_NodeMedic,CWE-22,Exited 0,0.,0.,9.177160364,
results/secbench-nodemedic-out/tinyserver/tinyserver-0.1.1_NodeMedic,CWE-22,Exited 0,0.,0.,14.378061051,
results/secbench-nodemedic-out/ini/ini-1.3.5_NodeMedic,CWE-471,Exited 0,0.,0.,6.683196936,
results/secbench-nodemedic-out/gedi/gedi-1.6.3_NodeMedic,CWE-471,Exited 0,0.,0.,9.636290032,
results/secbench-nodemedic-out/diskstats/diskstats-0.0.2_NodeMedic,CWE-78,Exited 0,0.,0.,105.743494484,
results/secbench-nodemedic-out/properties-reader/properties-reader-2.0.0_NodeMedic,CWE-471,Exited 0,0.,0.,8.27521744,
results/secbench-nodemedic-out/heroku-env/heroku-env-0.2.0_NodeMedic,CWE-78,Exited 0,0.,0.,10.569879306,
results/secbench-nodemedic-out/deepmergefn/deepmergefn-1.1.0_NodeMedic,CWE-471,Exited 0,0.,0.,8.955994153,
results/secbench-nodemedic-out/nodee-utils/nodee-utils-1.2.2_NodeMedic,CWE-471,Exited 0,0.,0.,26.439288712,
results/secbench-nodemedic-out/thi.ng-egf/thi.ng-egf-0.3.0_NodeMedic,CWE-78,Exited 0,0.,0.,9.300596778,
results/secbench-nodemedic-out/deephas/deephas-1.0.5_NodeMedic,CWE-471,Exited 0,0.,0.,8.718190911,
results/secbench-nodemedic-out/severzlt/severzlt-1.0.0_NodeMedic,CWE-22,Exited 0,0.,0.,8.958242844,
results/secbench-nodemedic-out/ts-process-promises/ts-process-promises-1.0.2_NodeMedic,CWE-78,Exited 0,0.,0.,73.739580723,
results/secbench-nodemedic-out/deep-defaults/deep-defaults-1.0.5_NodeMedic,CWE-471,Exited 0,0.,0.,8.354628198,
results/secbench-nodemedic-out/curljs/curljs-0.1.2_NodeMedic,CWE-78,Exited 0,0.,0.,15.03461069,
results/secbench-nodemedic-out/getsetdeep/getsetdeep-4.15.0_NodeMedic,CWE-471,Exited 0,0.,0.,9.379764687,
results/secbench-nodemedic-out/11xiaoli/11xiaoli-1.1.0_NodeMedic,CWE-22,Exited 0,0.,0.,9.901354108,
results/secbench-nodemedic-out/serverwg/serverwg-1.0.0_NodeMedic,CWE-22,Exited 0,0.,0.,9.066769097,
results/secbench-nodemedic-out/apiconnect-cli-plugins/apiconnect-cli-plugins-6.0.2_NodeMedic,CWE-78,Exited 0,0.,0.,14.587531206,
results/secbench-nodemedic-out/gitblame/gitblame-0.1.1_NodeMedic,CWE-78,Exited 0,0.,0.,9.824345987,
results/secbench-nodemedic-out/port-killer/port-killer-1.0.1_NodeMedic,CWE-78,Exited 0,0.,0.,55.658429084,
results/secbench-nodemedic-out/der-server/der-server-0.0.9_NodeMedic,CWE-22,Exited 0,0.,0.,9.517562987,
results/secbench-nodemedic-out/value-censorship/value-censorship-1.1.0_NodeMedic,CWE-94,Exited 0,0.,0.,11.080109206,
results/secbench-nodemedic-out/local-devices/local-devices-2.0.0_NodeMedic,CWE-94,Exited 0,0.,0.,55.067793428,
results/secbench-nodemedic-out/cypserver/cypserver-1.0.0_NodeMedic,CWE-22,Exited 0,0.,0.,9.120563799,
results/secbench-nodemedic-out/confucious/confucious-0.0.12_NodeMedic,CWE-471,Exited 0,0.,0.,9.136945632,
results/secbench-nodemedic-out/servey/servey-2.2.0_NodeMedic,CWE-22,Exited 0,0.,0.,8.64682903,
results/secbench-nodemedic-out/safe-obj/safe-obj-1.0.0_NodeMedic,CWE-471,Exited 0,0.,0.,8.183706611,
results/secbench-nodemedic-out/canvas-designer/canvas-designer-1.2.1_NodeMedic,CWE-22,Exited 0,0.,0.,9.407615488,
results/secbench-nodemedic-out/liyujing/liyujing-1.1.0_NodeMedic,CWE-22,Exited 0,0.,0.,9.5176874,
results/secbench-nodemedic-out/rollup-plugin-serve/rollup-plugin-serve-0.4.2_NodeMedic,CWE-22,Exited 0,0.,0.,7.962023416,
results/secbench-nodemedic-out/statichttpserver/statichttpserver-0.9.7_NodeMedic,CWE-22,Exited 0,0.,0.,9.958992705,
results/secbench-nodemedic-out/swiper/swiper-6.5.0_NodeMedic,CWE-471,Exited 0,0.,0.,8.216766295,
results/secbench-nodemedic-out/clamscan/clamscan-1.2.0_NodeMedic,CWE-78,Exited 0,0.,0.,155.025712136,
results/secbench-nodemedic-out/serverxxx/serverxxx-1.0.0_NodeMedic,CWE-22,Exited 0,0.,0.,9.212651228,
results/secbench-nodemedic-out/bmoor/bmoor-0.8.11_NodeMedic,CWE-471,Exited 0,0.,0.,9.701364594,
results/secbench-nodemedic-out/google-cloudstorage-commands/google-cloudstorage-commands-0.0.1_NodeMedic,CWE-78,Exited 0,0.,0.,38.865124209,
results/secbench-nodemedic-out/enpeem/enpeem-2.2.0_NodeMedic,CWE-78,Exited 0,0.,0.,49.677100811,
results/secbench-nodemedic-out/serverxh/serverxh-1.0.0_NodeMedic,CWE-22,Exited 0,0.,0.,9.306562639,
results/secbench-nodemedic-out/fast-http/fast-http-0.1.3_NodeMedic,CWE-22,Exited 0,0.,0.,26.158973049,
results/secbench-nodemedic-out/lessindex/lessindex-1.0.0_NodeMedic,CWE-22,Exited 0,0.,0.,9.304594239,
results/secbench-nodemedic-out/objtools/objtools-3.0.0_NodeMedic,CWE-471,Exited 0,0.,0.,9.515211707,
results/secbench-nodemedic-out/component-flatten/component-flatten-1.0.1_NodeMedic,CWE-471,Exited 0,0.,0.,8.64235753,
results/secbench-nodemedic-out/serverhuwenhui/serverhuwenhui-1.1.0_NodeMedic,CWE-22,Exited 0,0.,0.,7.817709989,
results/secbench-nodemedic-out/just-safe-set/just-safe-set-1.0.0_NodeMedic,CWE-471,Exited 0,0.,0.,9.473827884,
results/secbench-nodemedic-out/strider-git/strider-git-1.0.3_NodeMedic,CWE-78,Exited 0,0.,0.,123.91566802,
results/secbench-nodemedic-out/get-npm-package-version/get-npm-package-version-1.0.6_NodeMedic,CWE-78,Exited 0,0.,0.,10.032700258,
results/secbench-nodemedic-out/gaoxiaotingtingting/gaoxiaotingtingting-1.1.0_NodeMedic,CWE-22,Exited 0,0.,0.,8.985446568,
results/secbench-nodemedic-out/mongoosemask/mongoosemask-0.0.6_NodeMedic,CWE-94,Exited 0,0.,0.,9.397221458,
results/secbench-nodemedic-out/augustine/augustine-0.2.3_NodeMedic,CWE-22,Exited 0,0.,0.,9.103084905,
results/secbench-nodemedic-out/copy-props/copy-props-2.0.4_NodeMedic,CWE-471,Exited 0,0.,0.,7.643539339,
results/secbench-nodemedic-out/git-tags-remote/git-tags-remote-1.0.2_NodeMedic,CWE-78,Exited 0,0.,0.,68.877936406,
results/secbench-nodemedic-out/wenluhong11/wenluhong11-1.0.0_NodeMedic,CWE-22,Exited 0,0.,0.,8.967880526,
results/secbench-nodemedic-out/glance/glance-3.0.0_NodeMedic,CWE-22,Exited 0,0.,0.,9.512038473,
results/secbench-nodemedic-out/portkiller/portkiller-1.0.2_NodeMedic,CWE-78,Exited 0,0.,0.,10.177879547,
results/secbench-nodemedic-out/caihong/caihong-1.0.0_NodeMedic,CWE-22,Exited 0,0.,0.,8.861458075,
results/secbench-nodemedic-out/pathval/pathval-1.1.0_NodeMedic,CWE-471,Exited 0,0.,0.,8.275010423,
results/secbench-nodemedic-out/deferred-exec/deferred-exec-0.3.1_NodeMedic,CWE-78,Exited 0,0.,0.,8.691615774,
results/secbench-nodemedic-out/zxyserver/zxyserver-1.0.0_NodeMedic,CWE-22,Exited 0,0.,0.,8.359857499,
results/secbench-nodemedic-out/exxxxxxxxxxx/exxxxxxxxxxx-1.0.2_NodeMedic,CWE-22,Exited 0,0.,0.,12.621969427,
results/secbench-nodemedic-out/cxy/cxy-1.1.0_NodeMedic,CWE-22,Exited 0,0.,0.,9.214172738,
results/secbench-nodemedic-out/shit-server/shit-server-1.0.0_NodeMedic,CWE-22,Exited 0,0.,0.,9.136027736,
results/secbench-nodemedic-out/statics-server/statics-server-0.0.9_NodeMedic,CWE-22,Exited 0,0.,0.,70.781085871,
results/secbench-nodemedic-out/node-http-server/node-http-server-8.1.2_NodeMedic,CWE-22,Exited 0,0.,0.,9.564232401,
results/secbench-nodemedic-out/mithril/mithril-1.0.0_NodeMedic,CWE-471,Exited 0,0.,0.,9.749836207,
results/secbench-nodemedic-out/merge-change/merge-change-1.0.1_NodeMedic,CWE-471,Exited 0,0.,0.,9.256601407,
results/secbench-nodemedic-out/scp/scp-0.0.3_NodeMedic,CWE-78,Exited 0,0.,0.,38.814382033,
results/secbench-nodemedic-out/node-ps/node-ps-0.0.2_NodeMedic,CWE-78,Exited 0,0.,0.,8.618778183,
results/secbench-nodemedic-out/flat/flat-5.0.0_NodeMedic,CWE-471,Exited 0,0.,0.,25.817187728,
results/secbench-nodemedic-out/serverfff/serverfff-1.1.1_NodeMedic,CWE-22,Exited 0,0.,0.,8.907165188,
results/secbench-nodemedic-out/nodeaaaaa/nodeaaaaa-1.3.0_NodeMedic,CWE-22,Exited 0,0.,0.,8.827913063,
results/secbench-nodemedic-out/lihuini/lihuini-1.0.0_NodeMedic,CWE-22,Exited 0,0.,0.,9.14256105,
results/secbench-nodemedic-out/intsol-package/intsol-package-1.0.0_NodeMedic,CWE-22,Exited 0,0.,0.,8.71140825,
results/secbench-nodemedic-out/sgqserve/sgqserve-1.0.0_NodeMedic,CWE-22,Exited 0,0.,0.,9.05452662,
results/secbench-nodemedic-out/lsof/lsof-0.1.0_NodeMedic,CWE-78,Exited 0,0.,0.,8.553593694,
results/secbench-nodemedic-out/caolilinode/caolilinode-1.0.0_NodeMedic,CWE-22,Exited 0,0.,0.,9.05891782,
results/secbench-nodemedic-out/wenluhong111/wenluhong111-1.0.0_NodeMedic,CWE-22,Exited 0,0.,0.,9.167415087,
results/secbench-nodemedic-out/gammautils/gammautils-0.0.81_NodeMedic,CWE-471,Exited 0,0.,0.,9.547604389,
results/secbench-nodemedic-out/fsk-server/fsk-server-0.2.1_NodeMedic,CWE-22,Exited 0,0.,0.,9.610299828,
results/secbench-nodemedic-out/jquery/jquery-1.11.0_NodeMedic,CWE-471,Exited 0,0.,0.,7.779699862,
results/secbench-nodemedic-out/jsonpointer/jsonpointer-4.0.0_NodeMedic,CWE-471,Exited 0,0.,0.,7.472765804,
results/secbench-nodemedic-out/simple-mock-server/simple-mock-server-0.2.1_NodeMedic,CWE-22,Exited 0,0.,0.,9.194354641,
results/secbench-nodemedic-out/tiny-conf/tiny-conf-1.1.0_NodeMedic,CWE-471,Exited 0,0.,0.,15.467858941,
results/secbench-nodemedic-out/giting/giting-0.0.7_NodeMedic,CWE-78,Exited 0,0.,0.,23.158358098,
results/secbench-nodemedic-out/goserv/goserv-1.0.0_NodeMedic,CWE-22,Exited 0,0.,0.,8.688582275,
results/secbench-nodemedic-out/geojson2kml/geojson2kml-0.1.1_NodeMedic,CWE-78,Exited 0,0.,0.,11.051258695,
results/secbench-nodemedic-out/uekw1511server/uekw1511server-1.0.1_NodeMedic,CWE-22,Exited 0,0.,0.,10.086093585,
results/secbench-nodemedic-out/extend-merge/extend-merge-1.0.5_NodeMedic,CWE-471,Exited 0,0.,0.,8.720177808,
results/secbench-nodemedic-out/serverliujiayi1/serverliujiayi1-1.1.0_NodeMedic,CWE-22,Exited 0,0.,0.,9.046549152,
results/secbench-nodemedic-out/ion-parser/ion-parser-0.5.2_NodeMedic,CWE-471,Exited 0,0.,0.,8.568050503,
results/secbench-nodemedic-out/safetydance/safetydance-2.0.1_NodeMedic,CWE-471,Exited 0,0.,0.,8.34525035,
results/secbench-nodemedic-out/patchmerge/patchmerge-1.0.1_NodeMedic,CWE-471,Exited 0,0.,0.,9.44498524,
results/secbench-nodemedic-out/patchmerge/patchmerge-1.0.0_NodeMedic,CWE-471,Exited 0,0.,0.,9.325585869,
results/secbench-nodemedic-out/dcdcdcdcdc/dcdcdcdcdc-1.0.0_NodeMedic,CWE-22,Exited 0,0.,0.,8.575442276,
results/secbench-nodemedic-out/caolilinode1/caolilinode1-1.0.0_NodeMedic,CWE-22,Exited 0,0.,0.,9.361786607,
results/secbench-nodemedic-out/webrepl/webrepl-0.4.7_NodeMedic,CWE-22,Exited 0,0.,0.,9.376215627,
results/secbench-nodemedic-out/pico-static-server/pico-static-server-2.3.4_NodeMedic,CWE-22,Exited 0,0.,0.,9.585041483,
results/secbench-nodemedic-out/style-dictionary/style-dictionary-2.10.2_NodeMedic,CWE-471,Exited 0,0.,0.,8.825177339,
results/secbench-nodemedic-out/codecov/codecov-3.6.4_NodeMedic,CWE-78,Exited 0,0.,0.,9.620656044,
results/secbench-nodemedic-out/underscore/underscore-1.13.0-0_NodeMedic,CWE-94,Exited 0,0.,0.,9.151785738,
results/secbench-nodemedic-out/node-mpv/node-mpv-0.12.2_NodeMedic,CWE-78,Exited 0,0.,0.,8.952635603,
results/secbench-nodemedic-out/dilu/dilu-0.1.3_NodeMedic,CWE-22,Exited 0,0.,0.,9.144145155,
results/secbench-nodemedic-out/ltt/ltt-1.1.0_NodeMedic,CWE-22,Exited 0,0.,0.,9.237240786,
results/secbench-nodemedic-out/my-sn/my-sn-1.0.1_NodeMedic,CWE-22,Exited 0,0.,0.,14.366538393,
results/secbench-nodemedic-out/expand-hash/expand-hash-1.0.1_NodeMedic,CWE-471,Exited 0,0.,0.,9.225856685,
results/secbench-nodemedic-out/decal/decal-2.1.3_NodeMedic,CWE-471,Exited 0,0.,0.,67.610390323,
results/secbench-nodemedic-out/decal/decal-2.0.0_NodeMedic,CWE-471,Exited 0,0.,0.,66.932528205,
results/secbench-nodemedic-out/serveryyl/serveryyl-1.1.0_NodeMedic,CWE-22,Exited 0,0.,0.,8.404845545,
results/secbench-nodemedic-out/apex-publish-static-files/apex-publish-static-files-2.0.0_NodeMedic,CWE-78,Exited 0,0.,0.,12.882227632,
results/secbench-nodemedic-out/bitty/bitty-0.1.0_NodeMedic,CWE-22,Exited 0,0.,0.,22.706276624,
results/secbench-nodemedic-out/paypal-adaptive/paypal-adaptive-0.4.1_NodeMedic,CWE-471,Exited 0,0.,0.,9.189752195,
results/secbench-nodemedic-out/veval/veval-1.0.0_NodeMedic,CWE-94,Exited 0,0.,0.,7.946230458,
results/secbench-nodemedic-out/plain-object-merge/plain-object-merge-1.0.1_NodeMedic,CWE-471,Exited 0,0.,0.,9.777798607,
results/secbench-nodemedic-out/dotty/dotty-0.0.1_NodeMedic,CWE-471,Exited 0,0.,0.,8.771597004,
results/secbench-nodemedic-out/dset/dset-1.0.0_NodeMedic,CWE-471,Exited 0,0.,0.,7.613630877,
results/secbench-nodemedic-out/serversyysyy/serversyysyy-1.1.0_NodeMedic,CWE-22,Exited 0,0.,0.,9.160128516,
results/secbench-nodemedic-out/web-node-server/web-node-server-0.1.0_NodeMedic,CWE-22,Exited 0,0.,0.,9.991656569,
results/secbench-nodemedic-out/wffserve/wffserve-1.0.0_NodeMedic,CWE-22,Exited 0,0.,0.,9.640425753,
results/secbench-nodemedic-out/server12311/server12311-1.2.0_NodeMedic,CWE-22,Exited 0,0.,0.,8.737152691,
results/secbench-nodemedic-out/susu-sum/susu-sum-1.0.0_NodeMedic,CWE-22,Exited 0,0.,0.,9.852029489,
results/secbench-nodemedic-out/node-dig/node-dig-1.0.1_NodeMedic,CWE-471,Exited 0,0.,0.,9.020653824,
results/secbench-nodemedic-out/curling/curling-0.2.0_NodeMedic,CWE-78,Exited 0,0.,0.,36.23173419,
results/secbench-nodemedic-out/xbhxbh/xbhxbh-1.1.0_NodeMedic,CWE-22,Exited 0,0.,0.,8.997295729,
results/secbench-nodemedic-out/minimist/minimist-1.0.0_NodeMedic,CWE-471,Exited 0,0.,0.,8.559859446,
results/secbench-nodemedic-out/wangshuai/wangshuai-1.0.0_NodeMedic,CWE-22,Exited 0,0.,0.,9.906867184,
results/secbench-nodemedic-out/yyooopack/yyooopack-3.0.0_NodeMedic,CWE-22,Exited 0,0.,0.,8.980208214,
results/secbench-nodemedic-out/srverqq/srverqq-1.0.0_NodeMedic,CWE-22,Exited 0,0.,0.,8.871208196,
results/secbench-nodemedic-out/zwserver/zwserver-0.1.1_NodeMedic,CWE-22,Exited 0,0.,0.,9.478179243,
results/secbench-nodemedic-out/connection-tester/connection-tester-0.2.0_NodeMedic,CWE-78,Exited 0,0.,0.,110.970225287,
results/secbench-nodemedic-out/safer-eval/safer-eval-1.3.1_NodeMedic,CWE-94,Exited 0,0.,0.,8.822619834,
results/secbench-nodemedic-out/serve46/serve46-1.0.0_NodeMedic,CWE-22,Exited 0,0.,0.,8.659364982,
results/secbench-nodemedic-out/json-ptr/json-ptr-1.1.0_NodeMedic,CWE-471,Exited 0,0.,0.,25.914047828,
results/secbench-nodemedic-out/lodash/lodash-4.17.9_NodeMedic,CWE-471,Exited 0,0.,0.,8.782354195,
results/secbench-nodemedic-out/lodash/lodash-4.17.15_NodeMedic,CWE-471,Exited 0,0.,0.,8.394985758,
results/secbench-nodemedic-out/lodash/lodash-4.17.10_NodeMedic,CWE-471,Exited 0,0.,0.,8.518978309,
results/secbench-nodemedic-out/getstats/getstats-1.0.6_NodeMedic,CWE-22,Exited 0,0.,0.,9.827075858,
results/secbench-nodemedic-out/kill-process-by-name/kill-process-by-name-1.0.5_NodeMedic,CWE-78,Exited 0,0.,0.,20.634530241,
results/secbench-nodemedic-out/merge/merge-2.1.0_NodeMedic,CWE-471,Exited 0,0.,0.,7.104848996,
results/secbench-nodemedic-out/macfromip/macfromip-1.1.1_NodeMedic,CWE-78,Exited 0,0.,0.,27.352237058,
results/secbench-nodemedic-out/rollup-plugin-server/rollup-plugin-server-0.7.0_NodeMedic,CWE-22,Exited 0,0.,0.,8.690460152,
results/secbench-nodemedic-out/deep-override/deep-override-1.0.0_NodeMedic,CWE-471,Exited 0,0.,0.,7.190798416,
results/secbench-nodemedic-out/run-this-place/run-this-place-1.0.2_NodeMedic,CWE-22,Exited 0,0.,0.,8.636030583,
results/secbench-nodemedic-out/lycwed-spritesheetjs/lycwed-spritesheetjs-1.2.5_NodeMedic,CWE-78,Exited 0,0.,0.,24.822805541,
results/secbench-nodemedic-out/paopao613/paopao613-1.0.0_NodeMedic,CWE-22,Exited 0,0.,0.,9.525481045,
results/secbench-nodemedic-out/peiserver/peiserver-1.0.0_NodeMedic,CWE-22,Exited 0,0.,0.,9.282880094,
results/secbench-nodemedic-out/roar-pidusage/roar-pidusage-1.1.6_NodeMedic,CWE-78,Exited 0,0.,0.,9.220842474,
results/secbench-nodemedic-out/datachannel-client/datachannel-client-1.0.2_NodeMedic,CWE-22,Exited 0,0.,0.,8.6159686,
results/secbench-nodemedic-out/static-eval/static-eval-1.1.1_NodeMedic,CWE-94,Exited 0,0.,0.,9.125904727,
results/secbench-nodemedic-out/property-expr/property-expr-2.0.2_NodeMedic,CWE-471,Exited 0,0.,0.,130.668244159,
results/secbench-nodemedic-out/hdsdhhksjd/hdsdhhksjd-1.0.0_NodeMedic,CWE-22,Exited 0,0.,0.,9.097612843,
results/secbench-nodemedic-out/cd-messenger/cd-messenger-2.7.24_NodeMedic,CWE-94,Exited 0,0.,0.,9.545811172,
results/secbench-nodemedic-out/api-proxy/api-proxy-0.0.2_NodeMedic,CWE-22,Exited 0,0.,0.,9.945045386,
results/secbench-nodemedic-out/json-schema/json-schema-0.3.0_NodeMedic,CWE-471,Exited 0,0.,0.,8.539167894,
results/secbench-nodemedic-out/inireader/inireader-1.0.0_NodeMedic,CWE-471,Exited 0,0.,0.,8.492595302,
results/secbench-nodemedic-out/cuciuci/cuciuci-1.1.0_NodeMedic,CWE-22,Exited 0,0.,0.,8.969582768,
results/secbench-nodemedic-out/find-process/find-process-1.4.4_NodeMedic,CWE-78,Exited 0,0.,0.,8.33395049,
results/secbench-nodemedic-out/pixl-class/pixl-class-1.0.0_NodeMedic,CWE-94,Exited 0,0.,0.,76.083189786,
results/secbench-nodemedic-out/theme-core/theme-core-0.2.5_NodeMedic,CWE-78,Exited 0,0.,0.,21.732497336,
results/secbench-nodemedic-out/wintiwebdev/wintiwebdev-1.0.0_NodeMedic,CWE-22,Exited 0,0.,0.,8.673897226,
results/secbench-nodemedic-out/vboxmanage.js/vboxmanage.js-1.0.6_NodeMedic,CWE-94,Exited 0,0.,0.,9.986426119,
results/secbench-nodemedic-out/dot-notes/dot-notes-3.2.0_NodeMedic,CWE-471,Exited 0,0.,0.,7.737740366,
results/secbench-nodemedic-out/xps/xps-1.0.2_NodeMedic,CWE-78,Exited 0,0.,0.,8.663237844,
results/secbench-nodemedic-out/merge-deep2/merge-deep2-3.0.5_NodeMedic,CWE-471,Exited 0,0.,0.,7.451460811,
results/secbench-nodemedic-out/eslint-fixer/eslint-fixer-0.1.5_NodeMedic,CWE-78,Exited 0,0.,0.,37.515010145,
results/secbench-nodemedic-out/deepref/deepref-1.1.1_NodeMedic,CWE-471,Exited 0,0.,0.,8.77251793,
results/secbench-nodemedic-out/x-assign/x-assign-0.1.4_NodeMedic,CWE-471,Exited 0,0.,0.,9.035579844,
results/secbench-nodemedic-out/pytservce/pytservce-1.0.0_NodeMedic,CWE-22,Exited 0,0.,0.,9.178445714,
results/secbench-nodemedic-out/node-staticserver/node-staticserver-1.0.3_NodeMedic,CWE-22,Exited 0,0.,0.,8.705310436,
results/secbench-nodemedic-out/22lixian/22lixian-1.0.0_NodeMedic,CWE-22,Exited 0,0.,0.,7.949474009,
results/secbench-nodemedic-out/objnest/objnest-5.0.0_NodeMedic,CWE-471,Exited 0,0.,0.,9.709492082,
results/secbench-nodemedic-out/kmc/kmc-1.2.2_NodeMedic,CWE-94,Exited 0,0.,0.,53.548716128,
results/secbench-nodemedic-out/mquery/mquery-3.2.1_NodeMedic,CWE-471,Exited 0,0.,0.,9.139807199,
results/secbench-nodemedic-out/yzt/yzt-1.4.0_NodeMedic,CWE-22,Exited 0,0.,0.,9.191241702,
results/secbench-nodemedic-out/serverabc/serverabc-1.0.0_NodeMedic,CWE-22,Exited 0,0.,0.,8.584838913,
results/secbench-nodemedic-out/safe-flat/safe-flat-2.0.0_NodeMedic,CWE-471,Exited 0,0.,0.,8.500202235,
results/secbench-nodemedic-out/objection/objection-2.0.0_NodeMedic,CWE-471,Exited 0,0.,0.,8.849408542,
results/secbench-nodemedic-out/gry/gry-5.0.8_NodeMedic,CWE-78,Exited 0,0.,0.,36.115495782,
results/secbench-nodemedic-out/growl/growl-1.9.0_NodeMedic,CWE-78,Exited 0,0.,0.,9.05344405,
results/secbench-nodemedic-out/rdf-graph-array/rdf-graph-array-0.3.0_NodeMedic,CWE-471,Exited 0,0.,0.,7.949919408,
results/secbench-nodemedic-out/node-forge/node-forge-0.9.0_NodeMedic,CWE-471,Exited 0,0.,0.,8.237736694,
results/secbench-nodemedic-out/shvl/shvl-2.0.1_NodeMedic,CWE-471,Exited 0,0.,0.,8.491872057,
results/secbench-nodemedic-out/mol-proto/mol-proto-0.1.3_NodeMedic,CWE-94,Exited 0,0.,0.,9.418326119,
results/secbench-nodemedic-out/static-html-server/static-html-server-0.1.2_NodeMedic,CWE-22,Exited 0,0.,0.,9.373805059,
results/secbench-nodemedic-out/lzl123/lzl123-1.1.0_NodeMedic,CWE-22,Exited 0,0.,0.,8.66421849,
results/secbench-nodemedic-out/json-pointer/json-pointer-0.6.0_NodeMedic,CWE-471,Exited 0,0.,0.,7.906482556,
results/secbench-nodemedic-out/json-pointer/json-pointer-0.6.1_NodeMedic,CWE-471,Exited 0,0.,0.,8.064323957,
results/secbench-nodemedic-out/kill-port-process/kill-port-process-0.0.1_NodeMedic,CWE-78,Exited 0,0.,0.,38.102100462,
results/secbench-nodemedic-out/hot-formula-parser/hot-formula-parser-3.0.0_NodeMedic,CWE-94,Exited 0,0.,0.,7.868396656,
results/secbench-nodemedic-out/killport/killport-1.0.1_NodeMedic,CWE-78,Exited 0,0.,0.,14.867707218,
results/secbench-nodemedic-out/kill-by-port/kill-by-port-0.0.1_NodeMedic,CWE-78,Exited 0,0.,0.,9.01846563,
results/secbench-nodemedic-out/serverlyr/serverlyr-1.1.0_NodeMedic,CWE-22,Exited 0,0.,0.,8.573329207,
results/secbench-nodemedic-out/rjpserver/rjpserver-1.0.0_NodeMedic,CWE-22,Exited 0,0.,0.,8.856354976,
results/secbench-nodemedic-out/zhanglina/zhanglina-1.0.0_NodeMedic,CWE-22,Exited 0,0.,0.,9.394051661,
results/secbench-nodemedic-out/ps-kill/ps-kill-1.0.0_NodeMedic,CWE-78,Exited 0,0.,0.,38.07306336,
results/secbench-nodemedic-out/hostr/hostr-2.0.0_NodeMedic,CWE-22,Exited 0,0.,0.,9.108131881,
results/secbench-nodemedic-out/libnmap/libnmap-0.4.11_NodeMedic,CWE-78,Exited 0,0.,0.,9.3765453,
results/secbench-nodemedic-out/im-resize/im-resize-2.3.2_NodeMedic,CWE-78,Exited 0,0.,0.,22.966292647,
results/secbench-nodemedic-out/nestie/nestie-1.0.0_NodeMedic,CWE-471,Exited 0,0.,0.,9.001364869,
results/secbench-nodemedic-out/tinyserver2/tinyserver2-0.5.2_NodeMedic,CWE-22,Exited 0,0.,0.,13.586888473,
results/secbench-nodemedic-out/extra-asciinema/extra-asciinema-1.0.0_NodeMedic,CWE-78,Exited 0,0.,0.,37.160158848,
results/secbench-nodemedic-out/node-simple-router/node-simple-router-0.10.0_NodeMedic,CWE-22,Exited 0,0.,0.,10.446807068,
results/secbench-nodemedic-out/myserve111/myserve111-1.1.2_NodeMedic,CWE-22,Exited 0,0.,0.,9.279237763,
results/secbench-nodemedic-out/songcaihong/songcaihong-1.0.0_NodeMedic,CWE-22,Exited 0,0.,0.,9.501868597,
results/secbench-nodemedic-out/command-exists/command-exists-1.2.2_NodeMedic,CWE-78,Exited 0,0.,0.,32.209851667,
results/secbench-nodemedic-out/gamebutler/gamebutler-1.0.4_NodeMedic,CWE-22,Exited 0,0.,0.,9.498955379,
results/secbench-nodemedic-out/merge-objects/merge-objects-1.0.3_NodeMedic,CWE-471,Exited 0,0.,0.,8.615827494,
results/secbench-nodemedic-out/keyd/keyd-1.3.4_NodeMedic,CWE-471,Exited 0,0.,0.,9.082166463,
results/secbench-nodemedic-out/djv/djv-2.0.0_NodeMedic,CWE-94,Exited 0,0.,0.,91.933993251,
results/secbench-nodemedic-out/gfm-srv/gfm-srv-1.1.2_NodeMedic,CWE-22,Exited 0,0.,0.,9.58137327,
results/secbench-nodemedic-out/linux-cmdline/linux-cmdline-1.0.0_NodeMedic,CWE-471,Exited 0,0.,0.,9.326552118,
results/secbench-nodemedic-out/shenliru3/shenliru3-1.3.0_NodeMedic,CWE-22,Exited 0,0.,0.,9.381811565,
results/secbench-nodemedic-out/mcstatic/mcstatic-0.0.20_NodeMedic,CWE-22,Exited 0,0.,0.,8.739270108,
results/secbench-nodemedic-out/async-git/async-git-1.13.1_NodeMedic,CWE-78,Exited 0,0.,0.,34.327661064,
results/secbench-nodemedic-out/react-dev-utils/react-dev-utils-11.0.0_NodeMedic,CWE-78,Exited 0,0.,0.,7.709359618,
results/secbench-nodemedic-out/crud-file-server/crud-file-server-0.7.0_NodeMedic,CWE-22,Exited 0,0.,0.,9.132519208,
results/secbench-nodemedic-out/deeply/deeply-3.0.0_NodeMedic,CWE-471,Exited 0,0.,0.,8.243866681,
results/secbench-nodemedic-out/express-blinker/express-blinker-0.0.6_NodeMedic,CWE-22,Exited 0,0.,0.,9.039207802,
results/secbench-nodemedic-out/freespace/freespace-1.0.4_NodeMedic,CWE-78,Exited 0,0.,0.,67.715005949,
results/secbench-nodemedic-out/arpping/arpping-2.0.0_NodeMedic,CWE-78,Exited 0,0.,0.,31.3036441,
results/secbench-nodemedic-out/dot-object/dot-object-2.1.2_NodeMedic,CWE-471,Exited 0,0.,0.,8.270555817,
results/secbench-nodemedic-out/deep-get-set/deep-get-set-1.1.0_NodeMedic,CWE-471,Exited 0,0.,0.,7.454156673,
results/secbench-nodemedic-out/changeset/changeset-0.1.0_NodeMedic,CWE-471,Exited 0,0.,0.,9.783403976,
results/secbench-nodemedic-out/mfrs/mfrs-1.0.0_NodeMedic,CWE-22,Exited 0,0.,0.,8.431103174,
results/secbench-nodemedic-out/compass-compile/compass-compile-0.0.1_NodeMedic,CWE-78,Exited 0,0.,0.,15.657903666,
results/secbench-nodemedic-out/mootools/mootools-1.5.2_NodeMedic,CWE-471,Exited 0,0.,0.,9.115219103,
results/secbench-nodemedic-out/ex-http-frame/ex-http-frame-1.0.2_NodeMedic,CWE-22,Exited 0,0.,0.,14.718806,
results/secbench-nodemedic-out/madlib-object-utils/madlib-object-utils-0.1.6_NodeMedic,CWE-471,Exited 0,0.,0.,13.570073374,
results/secbench-nodemedic-out/asset-cache/asset-cache-0.0.6_NodeMedic,CWE-22,Exited 0,0.,0.,19.315728449,
results/secbench-nodemedic-out/objutil/objutil-2.17.3_NodeMedic,CWE-471,Exited 0,0.,0.,10.289945144,
results/secbench-nodemedic-out/set-deep-prop/set-deep-prop-1.0.0_NodeMedic,CWE-471,Exited 0,0.,0.,8.876237567,
results/secbench-nodemedic-out/modulify/modulify-0.1.0_NodeMedic,CWE-94,Exited 0,0.,0.,9.895028523,
results/secbench-nodemedic-out/open-device/open-device-4.0.1_NodeMedic,CWE-22,Exited 0,0.,0.,9.717359922,
results/secbench-nodemedic-out/wincred/wincred-1.0.2_NodeMedic,CWE-78,Exited 0,0.,0.,8.709138806,
results/secbench-nodemedic-out/supermixer/supermixer-1.0.3_NodeMedic,CWE-471,Exited 0,0.,0.,8.887811329,
results/secbench-nodemedic-out/modjs/modjs-0.4.0_NodeMedic,CWE-94,Exited 0,0.,0.,10.378361568,
results/secbench-nodemedic-out/m-server/m-server-1.4.0_NodeMedic,CWE-22,Exited 0,0.,0.,8.488777561,
results/secbench-nodemedic-out/pdfinfojs/pdfinfojs-0.3.6_NodeMedic,CWE-78,Exited 0,0.,0.,24.479032648,
results/secbench-nodemedic-out/think-config/think-config-1.0.0_NodeMedic,CWE-471,Exited 0,0.,0.,9.712065698,
results/secbench-nodemedic-out/pdf-image/pdf-image-2.0.0_NodeMedic,CWE-78,Exited 0,0.,0.,110.142056371,
results/secbench-nodemedic-out/total.js/total.js-3.4.6_NodeMedic,CWE-94,Exited 0,0.,0.,12.240534286,
results/secbench-nodemedic-out/welcomyzt/welcomyzt-1.1.0_NodeMedic,CWE-22,Exited 0,0.,0.,9.138138955,
results/secbench-nodemedic-out/angular-http-server/angular-http-server-1.0.0_NodeMedic,CWE-22,Exited 0,0.,0.,9.590532647,
results/secbench-nodemedic-out/ffmpegdotjs/ffmpegdotjs-0.0.4_NodeMedic,CWE-78,Exited 0,0.,0.,98.320563796,
results/secbench-nodemedic-out/mathjs/mathjs-7.4.0_NodeMedic,CWE-94,Exited 0,0.,0.,10.22820374,
results/secbench-nodemedic-out/safe-eval/safe-eval-0.2.0_NodeMedic,CWE-94,Exited 0,0.,0.,36.054360162,
results/secbench-nodemedic-out/xopen/xopen-1.0.0_NodeMedic,CWE-78,Exited 0,0.,0.,8.601736784,
results/secbench-nodemedic-out/field/field-1.0.1_NodeMedic,CWE-471,Exited 0,0.,0.,9.594252425,
results/vulcan-nodemedic-out/md-to-pdf/md-to-pdf-4.1.0_NodeMedic,CWE-94,Exited 0,0.,0.,10.20571674,
results/vulcan-nodemedic-out/serve-here/serve-here-3.1.0_NodeMedic,CWE-22,Exited 0,0.,0.,9.013947276,
results/vulcan-nodemedic-out/wangguojing123/wangguojing123-1.3.0_NodeMedic,CWE-22,Exited 0,0.,0.,9.075589817,
results/vulcan-nodemedic-out/hoek/hoek-5.0.2_NodeMedic,CWE-471,Exited 0,0.,0.,11.687125304,
results/vulcan-nodemedic-out/karma-mojo/karma-mojo-1.0.1_NodeMedic,CWE-78,Exited 0,0.,0.,30.465654018,
results/vulcan-nodemedic-out/addax/addax-1.0.6_NodeMedic,CWE-78,Exited 0,0.,0.,44.038258761,
results/vulcan-nodemedic-out/larvitbase-www/larvitbase-www-0.7.5_NodeMedic,CWE-22,Exited 0,0.,0.,15.72531051,
results/vulcan-nodemedic-out/diskusage-ng/diskusage-ng-0.2.4_NodeMedic,CWE-78,Exited 0,0.,0.,56.066305138,
results/vulcan-nodemedic-out/umount/umount-1.1.6_NodeMedic,CWE-78,Exited 0,0.,0.,32.281861714,
results/vulcan-nodemedic-out/assign-deep/assign-deep-0.4.8_NodeMedic,CWE-471,Exited 0,0.,0.,12.485120833,
results/vulcan-nodemedic-out/assign-deep/assign-deep-0.4.6_NodeMedic,CWE-471,Exited 0,0.,0.,31.400867256,
results/vulcan-nodemedic-out/sds/sds-3.2.0_NodeMedic,CWE-471,Exited 0,0.,0.,8.072607788,
results/vulcan-nodemedic-out/sds/sds-4.4.0_NodeMedic,CWE-471,Exited 0,0.,0.,8.516550432,
results/vulcan-nodemedic-out/syntax-error/syntax-error-1.1.0_NodeMedic,CWE-94,Exited 0,0.,0.,7.851592605,
results/vulcan-nodemedic-out/access-policy/access-policy-3.1.0_NodeMedic,CWE-94,Exited 0,0.,0.,76.723561153,
results/vulcan-nodemedic-out/wxchangba/wxchangba-1.0.3_NodeMedic,CWE-78,Exited 0,0.,0.,7.958358205,
results/vulcan-nodemedic-out/defaults-deep/defaults-deep-0.2.3_NodeMedic,CWE-471,Exited 0,0.,0.,10.245603769,
results/vulcan-nodemedic-out/defaults-deep/defaults-deep-0.2.4_NodeMedic,CWE-471,Exited 0,0.,0.,10.03073993,
results/vulcan-nodemedic-out/klona/klona-1.1.0_NodeMedic,CWE-471,Exited 0,0.,0.,15.612870229,
results/vulcan-nodemedic-out/node-rules/node-rules-4.0.2_NodeMedic,CWE-94,Exited 0,0.,0.,13.978887466,
results/vulcan-nodemedic-out/node-rules/node-rules-3.0.0_NodeMedic,CWE-94,Exited 0,0.,0.,50.347165151,
results/vulcan-nodemedic-out/gm/gm-1.20.0_NodeMedic,CWE-78,Exited 0,0.,0.,10.272993289,
results/vulcan-nodemedic-out/larvitbase-api/larvitbase-api-0.5.2_NodeMedic,CWE-94,Exited 0,0.,0.,15.712941162,
results/vulcan-nodemedic-out/json8-merge-patch/json8-merge-patch-1.0.2_NodeMedic,CWE-471,Exited 0,0.,0.,9.941336205,
results/vulcan-nodemedic-out/lodash.merge/lodash.merge-4.6.0_NodeMedic,CWE-471,Exited 0,0.,0.,9.076685523,
results/vulcan-nodemedic-out/accesslog/accesslog-0.0.2_NodeMedic,CWE-94,Exited 0,0.,0.,44.071205924,
results/vulcan-nodemedic-out/get-setter/get-setter-0.0.0_NodeMedic,CWE-471,Exited 0,0.,0.,9.438826666,
results/vulcan-nodemedic-out/deap/deap-1.0.0_NodeMedic,CWE-471,Exited 0,0.,0.,11.005476845,
results/vulcan-nodemedic-out/open/open-0.0.5_NodeMedic,CWE-78,Exited 0,0.,0.,21.621144042,
results/vulcan-nodemedic-out/cached-path-relative/cached-path-relative-1.0.1_NodeMedic,CWE-471,Exited 0,0.,0.,12.427551463,
results/vulcan-nodemedic-out/set-value/set-value-3.0.0_NodeMedic,CWE-471,Exited 0,0.,0.,7.406966613,
results/vulcan-nodemedic-out/libnested/libnested-1.5.1_NodeMedic,CWE-471,Exited 0,0.,0.,15.470084612,
results/vulcan-nodemedic-out/entitlements/entitlements-1.2.0_NodeMedic,CWE-78,Exited 0,0.,0.,54.02278292,
results/vulcan-nodemedic-out/gitsome/gitsome-0.2.3_NodeMedic,CWE-78,Exited 0,0.,0.,65.186421826,
results/vulcan-nodemedic-out/querymen/querymen-2.1.4_NodeMedic,CWE-471,Exited 0,0.,0.,7.738009333,
results/vulcan-nodemedic-out/deep-extend/deep-extend-0.5.0_NodeMedic,CWE-471,Exited 0,0.,0.,10.839270586,
results/vulcan-nodemedic-out/protobufjs/protobufjs-6.11.0_NodeMedic,CWE-471,Exited 0,0.,0.,8.063581335,
results/vulcan-nodemedic-out/ungit/ungit-0.8.4_NodeMedic,CWE-78,Exited 0,0.,0.,9.823736006,
results/vulcan-nodemedic-out/op-browser/op-browser-1.0.9_NodeMedic,CWE-78,Exited 0,0.,0.,9.487943276,
results/vulcan-nodemedic-out/egg-scripts/egg-scripts-2.8.0_NodeMedic,CWE-78,Exited 0,0.,0.,231.715913631,
results/vulcan-nodemedic-out/buttle/buttle-0.3.1_NodeMedic,CWE-78,Exited 0,0.,0.,166.695958105,
results/vulcan-nodemedic-out/gitlabhook/gitlabhook-0.0.17_NodeMedic,CWE-78,Exited 0,0.,0.,9.811057912,
results/vulcan-nodemedic-out/priest-runner/priest-runner-0.3.12_NodeMedic,CWE-78,Exited 0,0.,0.,9.394891114,
results/vulcan-nodemedic-out/jsgui-lang-essentials/jsgui-lang-essentials-0.4.3_NodeMedic,CWE-471,Exited 0,0.,0.,10.688803557,
results/vulcan-nodemedic-out/convict/convict-6.2.2_NodeMedic,CWE-471,Exited 0,0.,0.,11.004692732,
results/vulcan-nodemedic-out/chartkick/chartkick-3.1.3_NodeMedic,CWE-471,Exited 0,0.,0.,11.01460477,
results/vulcan-nodemedic-out/mixin-deep/mixin-deep-1.3.0_NodeMedic,CWE-471,Exited 0,0.,0.,7.792253464,
results/vulcan-nodemedic-out/flat-wrap/flat-wrap-1.0.2_NodeMedic,CWE-471,Exited 0,0.,0.,10.803750386,
results/vulcan-nodemedic-out/node-extend/node-extend-0.2.0_NodeMedic,CWE-94,Exited 0,0.,0.,8.815044881,
results/vulcan-nodemedic-out/tomato/tomato-0.0.7_NodeMedic,CWE-78,Exited 0,0.,0.,25.949717204,
results/vulcan-nodemedic-out/morgan/morgan-1.9.0_NodeMedic,CWE-94,Exited 0,0.,0.,7.979426395,
results/vulcan-nodemedic-out/dot/dot-1.1.2_NodeMedic,CWE-94,Exited 0,0.,0.,11.515192154,
results/vulcan-nodemedic-out/git/git-0.1.5_NodeMedic,CWE-78,Exited 0,0.,0.,13.598999014,
results/vulcan-nodemedic-out/git-pull-or-clone/git-pull-or-clone-2.0.1_NodeMedic,CWE-78,Exited 0,0.,0.,30.518778983,
results/vulcan-nodemedic-out/mout/mout-1.2.3_NodeMedic,CWE-471,Exited 0,0.,0.,8.51553371,
results/vulcan-nodemedic-out/http-server-node/http-server-node-1.0.2_NodeMedic,CWE-22,Exited 0,0.,0.,9.629367224,
results/vulcan-nodemedic-out/jscover/jscover-1.0.0_NodeMedic,CWE-78,Exited 0,0.,0.,55.628700335,
results/vulcan-nodemedic-out/expressfs/expressfs-0.2.10_NodeMedic,CWE-78,Exited 0,0.,0.,10.769577257,
results/vulcan-nodemedic-out/pidusage/pidusage-1.1.4_NodeMedic,CWE-78,Exited 0,0.,0.,7.41279234,
results/vulcan-nodemedic-out/nconf/nconf-0.11.3_NodeMedic,CWE-471,Exited 0,0.,0.,127.885952581,
results/vulcan-nodemedic-out/merge-deep/merge-deep-3.0.0_NodeMedic,CWE-471,Exited 0,0.,0.,9.846183354,
results/vulcan-nodemedic-out/reduce-css-calc/reduce-css-calc-1.2.4_NodeMedic,CWE-94,Exited 0,0.,0.,6.766018033,
results/vulcan-nodemedic-out/wizard-syncronizer/wizard-syncronizer-0.0.1_NodeMedic,CWE-78,Exited 0,0.,0.,69.379458865,
results/vulcan-nodemedic-out/node-key-sender/node-key-sender-1.0.11_NodeMedic,CWE-78,Exited 0,0.,0.,23.877587306,
results/vulcan-nodemedic-out/marsdb/marsdb-0.6.11_NodeMedic,CWE-94,Exited 0,0.,0.,10.26812033,
results/vulcan-nodemedic-out/mergify/mergify-1.0.2_NodeMedic,CWE-471,Exited 0,0.,0.,10.416729376,
results/vulcan-nodemedic-out/getsetdeep/getsetdeep-4.12.0_NodeMedic,CWE-471,Exited 0,0.,0.,8.760496022,
results/vulcan-nodemedic-out/qs/qs-6.2.2_NodeMedic,CWE-471,Exited 0,0.,0.,7.965243852,
results/vulcan-nodemedic-out/set-in/set-in-2.0.1_NodeMedic,CWE-471,Exited 0,0.,0.,8.146406127,
results/vulcan-nodemedic-out/@strikeentco/@strikeentco-1.0.0_NodeMedic,CWE-XYZ,Exited 0,0.,0.,31.332961295,
results/vulcan-nodemedic-out/whereis/whereis-0.4.0_NodeMedic,CWE-78,Exited 0,0.,0.,7.770095441,
results/vulcan-nodemedic-out/install-package/install-package-0.4.0_NodeMedic,CWE-78,Exited 0,0.,0.,64.125658111,
results/vulcan-nodemedic-out/mpath/mpath-0.4.1_NodeMedic,CWE-471,Exited 0,0.,0.,13.284451751,
results/vulcan-nodemedic-out/bassmaster/bassmaster-1.5.1_NodeMedic,CWE-94,Exited 0,0.,0.,12.485877731,
results/vulcan-nodemedic-out/madge/madge-4.0.0_NodeMedic,CWE-78,Exited 0,0.,0.,11.061196966,
results/vulcan-nodemedic-out/ini-parser/ini-parser-0.0.2_NodeMedic,CWE-471,Exited 0,0.,0.,14.91574262,
results/vulcan-nodemedic-out/bodymen/bodymen-1.0.0_NodeMedic,CWE-471,Exited 0,0.,0.,18.480006499,
results/vulcan-nodemedic-out/proctree/proctree-0.1.1_NodeMedic,CWE-78,Exited 0,0.,0.,21.465564421,
results/vulcan-nodemedic-out/sahmat/sahmat-1.0.1_NodeMedic,CWE-471,Exited 0,0.,0.,9.841342387,
results/vulcan-nodemedic-out/effect/effect-1.0.4_NodeMedic,CWE-78,Exited 0,0.,0.,11.505915405,
results/vulcan-nodemedic-out/git-tags-remote/git-tags-remote-1.0.3_NodeMedic,CWE-78,Exited 0,0.,0.,78.698143127,
results/vulcan-nodemedic-out/utils-extend/utils-extend-1.0.8_NodeMedic,CWE-471,Exited 0,0.,0.,7.995640082,
results/vulcan-nodemedic-out/notevil/notevil-1.3.3_NodeMedic,CWE-471,Exited 0,0.,0.,17.622432325,
results/vulcan-nodemedic-out/ps/ps-0.0.2_NodeMedic,CWE-78,Exited 0,0.,0.,9.244685354,
results/vulcan-nodemedic-out/mithril/mithril-2.0.1_NodeMedic,CWE-471,Exited 0,0.,0.,9.809463593,
results/vulcan-nodemedic-out/meta-git/meta-git-1.1.3_NodeMedic,CWE-78,Exited 0,0.,0.,203.552149366,
results/vulcan-nodemedic-out/tree-kill/tree-kill-1.2.1_NodeMedic,CWE-78,Exited 0,0.,0.,53.423170734,
results/vulcan-nodemedic-out/ascii-art/ascii-art-1.4.2_NodeMedic,CWE-78,Exited 0,0.,0.,31.408928904,
results/vulcan-nodemedic-out/google-it/google-it-1.6.2_NodeMedic,CWE-78,Exited 0,0.,0.,68.785042278,
results/vulcan-nodemedic-out/giting/giting-0.0.8_NodeMedic,CWE-78,Exited 0,0.,0.,20.805538661,
results/vulcan-nodemedic-out/npm-lockfile/npm-lockfile-2.0.3_NodeMedic,CWE-78,Exited 0,0.,0.,9.138732991,
results/vulcan-nodemedic-out/safetydance/safetydance-1.1.1_NodeMedic,CWE-471,Exited 0,0.,0.,7.875846274,
results/vulcan-nodemedic-out/git-promise/git-promise-1.0.0_NodeMedic,CWE-78,Exited 0,0.,0.,12.804012848,
results/vulcan-nodemedic-out/node.extend/node.extend-2.0.0_NodeMedic,CWE-471,Exited 0,0.,0.,8.550319214,
results/vulcan-nodemedic-out/merge-options/merge-options-1.0.0_NodeMedic,CWE-471,Exited 0,0.,0.,8.575753502,
results/vulcan-nodemedic-out/lodash.mergewith/lodash.mergewith-4.6.0_NodeMedic,CWE-471,Exited 0,0.,0.,9.076100436,
results/vulcan-nodemedic-out/lodash.mergewith/lodash.mergewith-4.6.1_NodeMedic,CWE-471,Exited 0,0.,0.,9.136039206,
results/vulcan-nodemedic-out/strong-nginx-controller/strong-nginx-controller-1.0.2_NodeMedic,CWE-78,Exited 0,0.,0.,55.557266195,
results/vulcan-nodemedic-out/fs-git/fs-git-1.0.1_NodeMedic,CWE-78,Exited 0,0.,0.,9.19556433,
results/vulcan-nodemedic-out/lodash.defaultsdeep/lodash.defaultsdeep-4.6.0_NodeMedic,CWE-471,Exited 0,0.,0.,8.875674654,
results/vulcan-nodemedic-out/underscore/underscore-1.3.2_NodeMedic,CWE-94,Exited 0,0.,0.,8.330909151,
results/vulcan-nodemedic-out/pullit/pullit-1.3.0_NodeMedic,CWE-78,Exited 0,0.,0.,143.370435475,
results/vulcan-nodemedic-out/extend/extend-3.0.1_NodeMedic,CWE-471,Exited 0,0.,0.,10.545204828,
results/vulcan-nodemedic-out/blamer/blamer-0.1.13_NodeMedic,CWE-78,Exited 0,0.,0.,28.105303404,
results/vulcan-nodemedic-out/push-dir/push-dir-0.4.1_NodeMedic,CWE-78,Exited 0,0.,0.,16.41381725,
results/vulcan-nodemedic-out/dset/dset-3.1.1_NodeMedic,CWE-471,Exited 0,0.,0.,11.465259411,
results/vulcan-nodemedic-out/pi_video_recording/pi_video_recording-1.0.1_NodeMedic,CWE-78,Exited 0,0.,0.,81.699054337,
results/vulcan-nodemedic-out/opencv/opencv-6.0.0_NodeMedic,CWE-78,Exited 0,0.,0.,11.851010183,
results/vulcan-nodemedic-out/minimist/minimist-1.2.2_NodeMedic,CWE-471,Exited 0,0.,0.,8.898563711,
results/vulcan-nodemedic-out/dns-sync/dns-sync-0.1.0_NodeMedic,CWE-78,Exited 0,0.,0.,148.760121864,
results/vulcan-nodemedic-out/safer-eval/safer-eval-1.3.3_NodeMedic,CWE-94,Exited 0,0.,0.,8.101513338,
results/vulcan-nodemedic-out/lodash/lodash-4.17.11_NodeMedic,CWE-471,Exited 0,0.,0.,9.773696816,
results/vulcan-nodemedic-out/lodash/lodash-4.17.4_NodeMedic,CWE-471,Exited 0,0.,0.,9.759692238,
results/vulcan-nodemedic-out/treekill/treekill-1.0.0_NodeMedic,CWE-78,Exited 0,0.,0.,110.235816467,
results/vulcan-nodemedic-out/merge/merge-1.2.0_NodeMedic,CWE-471,Exited 0,0.,0.,9.370359325,
results/vulcan-nodemedic-out/windows-cpu/windows-cpu-0.1.4_NodeMedic,CWE-78,Exited 0,0.,0.,7.805606203,
results/vulcan-nodemedic-out/cd-messenger/cd-messenger-2.7.26_NodeMedic,CWE-94,Exited 0,0.,0.,12.415583639,
results/vulcan-nodemedic-out/git-interface/git-interface-2.1.1_NodeMedic,CWE-78,Exited 0,0.,0.,13.258814634,
results/vulcan-nodemedic-out/object-extend/object-extend-0.5.0_NodeMedic,CWE-471,Exited 0,0.,0.,8.521357593,
results/vulcan-nodemedic-out/deep-setter/deep-setter-1.0.1_NodeMedic,CWE-471,Exited 0,0.,0.,10.331736127,
results/vulcan-nodemedic-out/soletta-dev-app/soletta-dev-app-0.0.7_NodeMedic,CWE-78,Exited 0,0.,0.,10.124986138,
results/vulcan-nodemedic-out/@rkesters/@rkesters-0.0.2_NodeMedic,CWE-XYZ,Exited 0,0.,0.,31.409413917,
results/vulcan-nodemedic-out/s3-uploader/s3-uploader-2.0.3_NodeMedic,CWE-78,Exited 0,0.,0.,8.795596228,
results/vulcan-nodemedic-out/kill-port-process/kill-port-process-2.2.0_NodeMedic,CWE-78,Exited 0,0.,0.,33.146248102,
results/vulcan-nodemedic-out/npm-programmatic/npm-programmatic-0.0.12_NodeMedic,CWE-78,Exited 0,0.,0.,46.155961681,
results/vulcan-nodemedic-out/hot-formula-parser/hot-formula-parser-3.0.0_NodeMedic,CWE-94,Exited 0,0.,0.,8.711062736,
results/vulcan-nodemedic-out/libnmap/libnmap-0.4.15_NodeMedic,CWE-78,Exited 0,0.,0.,9.907923954,
results/vulcan-nodemedic-out/kill-port/kill-port-1.3.1_NodeMedic,CWE-78,Exited 0,0.,0.,8.700116014,
results/vulcan-nodemedic-out/mosc/mosc-1.0.0_NodeMedic,CWE-94,Exited 0,0.,0.,21.798522071,
results/vulcan-nodemedic-out/smart-extend/smart-extend-1.7.4_NodeMedic,CWE-471,Exited 0,0.,0.,7.925815749,
results/vulcan-nodemedic-out/simple-npm-registry/simple-npm-registry-0.0.4_NodeMedic,CWE-22,Exited 0,0.,0.,7.671785927,
results/vulcan-nodemedic-out/node-df/node-df-0.1.4_NodeMedic,CWE-78,Exited 0,0.,0.,7.73069977,
results/vulcan-nodemedic-out/command-exists/command-exists-1.2.3_NodeMedic,CWE-78,Exited 0,0.,0.,52.08579136,
results/vulcan-nodemedic-out/merge-objects/merge-objects-1.0.5_NodeMedic,CWE-471,Exited 0,0.,0.,9.783650589,
results/vulcan-nodemedic-out/traceroute/traceroute-1.0.0_NodeMedic,CWE-78,Exited 0,0.,0.,59.08586905,
results/vulcan-nodemedic-out/lutils-merge/lutils-merge-0.2.6_NodeMedic,CWE-471,Exited 0,0.,0.,9.958235309,
results/vulcan-nodemedic-out/thenify/thenify-3.3.0_NodeMedic,CWE-94,Exited 0,0.,0.,7.344488813,
results/vulcan-nodemedic-out/react-dev-utils/react-dev-utils-5.0.1_NodeMedic,CWE-78,Exited 0,0.,0.,6.69798078,
results/vulcan-nodemedic-out/mobile-icon-resizer/mobile-icon-resizer-0.4.2_NodeMedic,CWE-94,Exited 0,0.,0.,22.802565806,
results/vulcan-nodemedic-out/deep-get-set/deep-get-set-1.1.1_NodeMedic,CWE-471,Exited 0,0.,0.,10.793646488,
results/vulcan-nodemedic-out/@apollo/@apollo-0.6.1_NodeMedic,CWE-XYZ,Exited 0,0.,0.,31.369908359,
results/vulcan-nodemedic-out/merge-recursive/merge-recursive-0.0.3_NodeMedic,CWE-471,Exited 0,0.,0.,9.959105749,
results/vulcan-nodemedic-out/dexie/dexie-3.2.1_NodeMedic,CWE-471,Exited 0,0.,0.,10.030265627,
results/vulcan-nodemedic-out/madlib-object-utils/madlib-object-utils-0.1.7_NodeMedic,CWE-471,Exited 0,0.,0.,11.251241141,
results/vulcan-nodemedic-out/git-add-remote/git-add-remote-1.0.0_NodeMedic,CWE-78,Exited 0,0.,0.,127.78000535,
results/vulcan-nodemedic-out/just-extend/just-extend-3.0.0_NodeMedic,CWE-471,Exited 0,0.,0.,8.900439516,
results/vulcan-nodemedic-out/@hapi/@hapi-7.0.2_NodeMedic,CWE-XYZ,Exited 0,0.,0.,31.334105057,
results/vulcan-nodemedic-out/pdfinfojs/pdfinfojs-0.4.0_NodeMedic,CWE-78,Exited 0,0.,0.,18.347112254,
results/vulcan-nodemedic-out/pdf-image/pdf-image-1.0.5_NodeMedic,CWE-78,Exited 0,0.,0.,113.73221845,
results/vulcan-nodemedic-out/reggae/reggae-0.0.1_NodeMedic,CWE-471,Exited 0,0.,0.,8.194701832,
results/vulcan-nodemedic-out/total.js/total.js-3.4.8_NodeMedic,CWE-94,Exited 0,0.,0.,7.737605335,
results/vulcan-nodemedic-out/macaddress/macaddress-0.2.8_NodeMedic,CWE-78,Exited 0,0.,0.,10.366524924,
results/vulcan-nodemedic-out/lifion-verify-deps/lifion-verify-deps-1.1.0_NodeMedic,CWE-78,Exited 0,0.,0.,202.34689701,
results/vulcan-nodemedic-out/mathjs/mathjs-3.16.5_NodeMedic,CWE-94,Exited 0,0.,0.,10.313137029,
